{"B":0.46039,"i":5.366575,"s":3.766111,"1":0.657822,"8":0.250334,"5":0.250692,"g":1.849316,"e":10.0,"h":2.496872,"ö":0.165675,"r":5.162604,"t":4.393301,"G":0.286028,"o":2.393973,"ß":0.087142,"D":0.402815,"b":1.151352,"n":5.902955,"z":0.645937,"u":2.461495,"m":1.718028,"[":1.76782,"K":0.312017,"c":1.876004,"S":0.603341,"a":4.033878,"]":1.76983,"d":2.730193,"l":2.690679,"C":0.19807,"R":0.265797,"k":0.82945,"F":0.283432,"f":0.938857,"|":0.765792,"p":0.847528,"P":0.26448,"v":0.546446,".":0.839771,"9":0.376819,"3":0.262156,"4":0.248812,"7":0.222421,"E":0.356108,"w":0.723496,"W":0.222539,"ä":0.288427,"-":0.513657,"Z":0.118473,"(":0.27946,"N":0.220606,")":0.280495,",":0.59676,"A":0.417277,"/":0.504994,"2":0.433684,"0":0.584997,"=":0.616526,"ü":0.299733,"*":0.234932,"6":0.21134,"J":0.14164,":":0.596181,"U":0.123534,"H":0.228828,"O":0.12508,"{":0.128236,"}":0.129676,"y":0.219403,"L":0.228657,"T":0.282472,"<":0.594355,"x":0.157154,">":0.594858,"V":0.172072,"\"":0.251848,"I":0.21665,"M":0.322177,"'":0.74723,"&":0.055926,";":0.079195,"„":0.031826,"“":0.03159,"#":0.056397,"!":0.033019,"%":0.015596,"Ü":0.011443,"j":0.103901,"Ö":0.012449,"†":0.005905,"–":0.050183,"О":0.000551,"т":0.010083,"е":0.014345,"р":0.014418,"ф":0.001204,"и":0.015407,"н":0.012934,"г":0.005865,"+":0.007577,"q":0.021712,"А":0.001491,"б":0.002342,"с":0.007101,"_":0.054571,"é":0.017373,"Ä":0.009065,"バ":0.000249,"セ":0.000122,"ン":0.001742,"ジ":0.000347,"ー":0.001919,"ž":0.001059,"Б":0.001206,"а":0.021303,"д":0.005371,"ж":0.000867,"บ":0.000338,"า":0.001046,"เ":0.000894,"ซ":0.000172,"น":0.000917,"จ":0.000192,"ิ":0.000672,"É":0.000941,"û":0.000162,"Q":0.015269,"?":0.013212,"~":0.001539,"ð":0.000843,"æ":0.000769,"代":0.000124,"ე":0.001148,"მ":0.000376,"ვ":0.000303,"ლ":0.000607,"ი":0.001906,"ს":0.000539,"ა":0.001867,"ო":0.000842,"ნ":0.000566,"ø":0.001533,"С":0.001555,"у":0.00399,"ப":0.000317,"ி":0.000382,"ர":0.000247,"த":0.000177,"ய":0.000133,"ட":0.000233,"்":0.00088,"ு":0.000285,"ம":0.000223,"ส":0.000503,"ค":0.000446,"้":0.000199,"ท":0.000377,"ด":0.000642,"แ":0.000235,"ก":0.000607,"ั":0.00044,"X":0.011902,"ł":0.001827,"Р":0.001023,"й":0.002538,"х":0.001315,"з":0.002125,"\\":0.016087,"^":0.002386,"ă":0.000663,"о":0.016162,"В":0.000957,"к":0.006358,"ń":0.000626,"−":0.001713,"Л":0.00077,"í":0.006643,"У":0.000417,"в":0.004912,"л":0.00793,"ج":0.000585,"ا":0.005825,"م":0.002596,"ع":0.000529,"ة":0.000657,"و":0.0029,"ت":0.002044,"ر":0.003236,"ل":0.003133,"د":0.002252,"ن":0.003053,"ش":0.000609,"گ":0.000488,"ه":0.001206,"א":0.001544,"ו":0.002998,"נ":0.001172,"י":0.003496,"ב":0.000923,"ר":0.002123,"ס":0.000934,"ט":0.001069,"ת":0.000784,"ל":0.001319,"ウ":0.000346,"ォ":0.000113,"タ":0.000341,"ル":0.00124,"大":0.000185,"学":0.000147,"Д":0.000903,"ד":0.000743,"ห":0.000623,"ม":0.000951,"ว":0.000662,"ู":0.000336,"่":0.000538,"ป":0.000298,"ร":0.001058,"ะ":0.000245,"ศ":0.000359,"ó":0.00602,"К":0.003972,"я":0.004402,"Т":0.000893,"ы":0.002089,"і":0.002831,"§":0.001712,"€":0.000493,"ბ":0.000398,"ū":0.000686,"м":0.004339,"п":0.002585,"ை":0.000108,"ใ":0.000128,"ช":0.000224,"Y":0.012379,"²":0.001951,"°":0.002011,"á":0.008349,"イ":0.000651,"オ":0.000278,"ミ":0.000161,"ア":0.000732,"・":0.001294,"ス":0.000957,"ś":0.000407,"サ":0.000196,"ド":0.000479,"ッ":0.000566,"ク":0.000592,"å":0.000872,"ย":0.000401,"â":0.00105,"ô":0.000878,"è":0.002714,"ç":0.00184,"«":0.000733,"»":0.000743,"ب":0.001457,"ي":0.002854,"ف":0.001193,"П":0.001571,"Π":0.000204,"ι":0.001327,"έ":0.000332,"ρ":0.001348,"α":0.002275,"β":0.000331,"ά":0.000491,"λ":0.000867,"פ":0.000775,"ピ":0.000117,"エ":0.000257,"ラ":0.000656,"ヴ":0.000216,"ァ":0.000142,"르":0.000157,"라":0.000141,"प":0.000469,"ि":0.00046,"य":0.000383,"र":0.000812,"े":0.000396,"ल":0.00039,"व":0.000353,"्":0.001221,"ह":0.000149,"ा":0.000745,"ь":0.002228,"尔":0.0002,"·":0.001796,"š":0.002346,"ė":0.000675,"ő":0.00024,"マ":0.000377,"ナ":0.00021,"シ":0.000411,"თ":0.000143,"რ":0.000998,"ā":0.00131,"ľ":0.000102,"ý":0.001102,"ɛ":0.000178,"ɪ":0.000134,"ɔ":0.00014,"ə":0.000534,"’":0.004092,"إ":0.000139,"ز":0.000654,"Э":0.000272,"Е":0.000313,"ν":0.001361,"ο":0.001906,"ύ":0.000223,"ζ":0.000101,"ε":0.001021,"τ":0.00137,"ז":0.000284,"न":0.000558,"ो":0.00024,"ू":0.000145,"ज":0.000177,"ट":0.000195,"レ":0.000352,"ノ":0.000115,"ズ":0.000132,"ベ":0.00015,"ト":0.000719,"리":0.000261,"스":0.00036,"트":0.000143,"斯":0.000313,"→":0.00099,"أ":0.000335,"ك":0.000654,"س":0.001626,"И":0.000448,"ч":0.001348,"ш":0.000921,"č":0.001807,"М":0.001355,"Н":0.000768,"ю":0.000488,"І":0.000116,"õ":0.000237,"כ":0.000265,"ק":0.001043,"ש":0.00054,"ן":0.000498,"ィ":0.0004,"ュ":0.000256,"キ":0.000177,"”":0.000627,"Μ":0.000196,"ό":0.000443,"×":0.000729,"パ":0.000135,"Κ":0.000337,"ς":0.001021,"İ":0.000205,"Ú":0.000248,"ě":0.000805,"ï":0.000265,"コ":0.000251,"ї":0.00014,"デ":0.000264,"ブ":0.000223,"…":0.001569,"∞":0.000454,"à":0.001217,"µ":0.000158,"Δ":0.000151,"±":0.000198,"З":0.000328,"Ф":0.000673,"ц":0.001446,"ъ":0.000433,"מ":0.001064,"ג":0.000818,"ロ":0.000399,"로":0.000117,"사":0.000131,"ゴ":0.000154,"э":0.001047,"ح":0.000516,"غ":0.000223,"ã":0.001128,"ί":0.000783,"პ":0.000154,"დ":0.000346,"უ":0.00036,"德":0.00017,"η":0.000675,"γ":0.000624,"κ":0.000746,"υ":0.000572,"σ":0.000758,"Α":0.000222,"ω":0.000268,"カ":0.00041,"の":0.000325,"분":0.000432,"류":0.00043,"의":0.000183,"ą":0.000404,"Г":0.001143,"ث":0.000116,"ی":0.002638,"ע":0.000505,"フ":0.000507,"이":0.000235,"ј":0.001227,"Ч":0.000239,"拉":0.00015,"ה":0.0016,"ú":0.001261,"щ":0.000131,"ェ":0.000247,"ص":0.000575,"ʿ":0.000128,"ī":0.000581,"Х":0.00056,"ё":0.000252,"Ц":0.000162,"ニ":0.000237,"ャ":0.000189,"モ":0.000123,"テ":0.000376,"ტ":0.000569,"ک":0.000578,"צ":0.000262,"チ":0.000212,"リ":0.000833,"î":0.000553,"メ":0.000147,"Я":0.000124,"‚":0.000579,"‘":0.000679,"Č":0.000495,"Ж":0.000165,"ë":0.000877,"Š":0.000723,"ż":0.000294,"ı":0.001244,"드":0.000118,"Ø":0.000144,"ム":0.000231,"ソ":0.000103,"ù":0.000344,"Ε":0.000128,"$":0.000436,"ć":0.000946,"@":0.000452,"ョ":0.000136,"グ":0.000227,"ئ":0.000196,"ق":0.000612,"ò":0.000444,"Σ":0.000175,"μ":0.000702,"კ":0.000515,"시":0.000128,"อ":0.000807,"ี":0.000704,"ล":0.000558,"西":0.000108,"Կ":0.000153,"ա":0.000601,"տ":0.000203,"ե":0.0003,"գ":0.00017,"ո":0.000325,"ր":0.000326,"ի":0.000281,"ն":0.000216,"ח":0.000299,"ם":0.000415,"科":0.000103,"ツ":0.000147,"プ":0.000182,"¹":0.00023,"ř":0.000921,"Ś":0.000231,"ˈ":0.000417,"Á":0.000353,"—":0.000607,"프":0.000103,"오":0.000103,"க":0.000367,"ச":0.000157,"ா":0.00022,"வ":0.000158,"Ш":0.000507,"đ":0.000265,"Đ":0.000147,"क":0.00038,"ं":0.000188,"ी":0.000346,"ड":0.000133,"म":0.000449,"ダ":0.000157,"ु":0.000589,"国":0.00018,"市":0.000166,"გ":0.000486,"ể":0.000287,"ạ":0.000335,"里":0.000114,"Ó":0.000128,"ş":0.000886,"โ":0.000235,"ต":0.000436,"์":0.000464,"ñ":0.000798,"年":0.001255,"ō":0.001583,"Ō":0.000144,"ň":0.000175,"ุ":0.000243,"Å":0.000261,"Β":0.000109,"π":0.000595,"δ":0.000368,"Γ":0.000129,"日":0.000189,"月":0.000159,"พ":0.000473,"天":0.000109,"ê":0.000658,"ビ":0.000126,"─":0.000275,"Ž":0.000295,"³":0.000583,"ग":0.000391,"ง":0.000369,"ì":0.000297,"ţ":0.000209,"ę":0.000477,"人":0.00014,"φ":0.000217,"۶":0.00011,"۲":0.000147,"ů":0.000192,"ή":0.00027,"θ":0.000214,"‌":0.000266,"ہ":0.000138,"ব":0.000359,"ি":0.001202,"ষ":0.000228,"য":0.000464,"়":0.000336,"শ":0.000247,"্":0.000891,"র":0.000988,"ে":0.000428,"ণ":0.000221,"ী":0.000252,"স":0.000403,"থ":0.000223,"া":0.001344,"প":0.00012,"ন":0.000394,"स":0.000737,"ώ":0.000105,"´":0.000299,"ē":0.00028,"Ç":0.000153,"ハ":0.000187,"기":0.000119,"利":0.000119,"آ":0.000181,"ğ":0.000392,"世":0.000359,"•":0.000688,"ւ":0.000104,"त":0.000218,"ى":0.00018,"ფ":0.000116,"ฟ":0.000106,"پ":0.000297,"Î":0.000116,"ź":0.000134,"✉":0.000189,"१":0.000819,"द":0.000218," ":0.000254,"ネ":0.000121,"`":0.000124,"ガ":0.00013,"ː":0.0003,"ল":0.000226,"خ":0.00026,"ط":0.000268,"어":0.000124,"′":0.000303,"아":0.000186,"ই":0.00014,"ক":0.000415,"Ł":0.000197,"χ":0.000204,"克":0.000182,"۴":0.000115,"ذ":0.00011,"Τ":0.000105,"ക":0.000155,"്":0.00054,"വ":0.000152,"ാ":0.000143,"ன":0.000151,"ல":0.000164,"特":0.000153,"ট":0.000137,"ി":0.000206,"സ":0.000124,"च":0.000317,"‎":0.000103,"ര":0.000116,"ന":0.000111,