{"'":0.855855,"S":0.524941,"o":6.203997,"u":2.299428,"r":5.615537,"c":2.668277,"e":10.0,"s":5.251018,":":0.448897,"<":0.538117,"f":1.801938,"n":6.08618,"a":7.127619,"m":2.325224,"=":1.084178,"\"":0.274803,"t":6.924665,"p":1.888739,"k":0.574142,".":1.234463,"g":1.634238,"v":0.85238,"/":0.687271,">":0.538448,"[":2.074254,"h":3.256077,"w":1.237685,"i":6.342884,"l":3.66164,"b":1.179328,"y":1.335275,"-":0.601731,"d":2.912057,"#":0.028093,"P":0.306142,"C":0.548503,"I":0.311814,"A":0.44745,"F":0.214633,"]":2.074274,"2":0.619159,"0":0.863886,"7":0.278407,"9":0.445387,"3":0.3449,"R":0.246409,"L":0.211307,"{":0.297072,"M":0.325719,"|":1.210244,"}":0.296844,"+":0.013858,"H":0.208058,"j":0.108236,"!":0.051226,"1":0.809322,"8":0.330134,"6":0.28779,"5":0.319257,"*":0.231083,"4":0.316658,"%":0.100855,"&":0.098044,";":0.100761,"U":0.154386,"B":0.275292,"T":0.443211,"N":0.219252,",":1.013605,"(":0.279861,")":0.280055,"W":0.183001,"K":0.089566,"O":0.132173,"x":0.237484,"E":0.208444,"z":0.140834,"D":0.230886,"G":0.195267,"J":0.132128,"V":0.08006,"Y":0.040595,"Z":0.034395,"q":0.101097,"ī":0.00078,"–":0.027749,"Q":0.015325,"?":0.021279,"ā":0.001848,"_":0.362016,"Н":0.000539,"а":0.01335,"с":0.005367,"е":0.008784,"л":0.005419,"н":0.009457,"и":0.009799,"П":0.000994,"к":0.004728,"т":0.005843,"é":0.013256,"ã":0.000725,"Д":0.000751,"м":0.0033,"о":0.00987,"г":0.002435,"р":0.00868,"ф":0.00088,"ј":0.000606,"斯":0.000407,"人":0.000143,"س":0.001768,"ی":0.002513,"ا":0.006129,"ت":0.001717,"پ":0.000353,"ک":0.000576,"ن":0.002858,"—":0.008245,"X":0.016336,"’":0.005741,"@":0.000425,"প":0.000202,"া":0.001892,"ক":0.000807,"ি":0.001357,"স":0.000605,"্":0.00133,"ত":0.000163,"ন":0.001087,"ে":0.000527,"র":0.001034,"জ":0.000202,"ъ":0.000651,"ж":0.000703,"в":0.003256,"у":0.002741,"й":0.001766,"Π":0.000189,"ο":0.001724,"λ":0.000936,"ι":0.001251,"τ":0.00117,"κ":0.000771,"ά":0.00047,"υ":0.000569,"α":0.002,"σ":0.00079,"ν":0.001334,"í":0.00461,"$":0.022267,"~":0.002401,"‘":0.000769,"“":0.002634,"”":0.002661,"²":0.014731,"\\":0.0174,"á":0.006348,"É":0.000972,"Э":0.000197,"Е":0.000294,"і":0.001775,"ế":0.000108,"ح":0.000632,"م":0.00288,"ل":0.003315,"و":0.003191,"ق":0.000912,"Т":0.000629,"п":0.002111,"ف":0.000812,"ج":0.000636,"ô":0.000766,"ä":0.003053,"ė":0.000462,"パ":0.000119,"キ":0.000151,"ス":0.000797,"タ":0.000265,"ン":0.001314,"æ":0.001101,"ç":0.001451,"В":0.000673,"ё":0.000132,"ы":0.001146,"ع":0.000688,"ر":0.002977,"â":0.000879,"đ":0.000194,"ü":0.003592,"ş":0.00056,"€":0.000202,"ə":0.000852,"ˈ":0.000812,"ʊ":0.000162,"ó":0.004651,"°":0.006819,"ō":0.001864,"ب":0.00144,"ল":0.000456,"উ":0.0004,"་":0.000183,"ú":0.001144,"ئ":0.00021,"라":0.000114,"פ":0.000722,"ל":0.001294,"א":0.001436,"ו":0.002662,"პ":0.000134,"ა":0.001002,"ლ":0.000406,"უ":0.000271,"प":0.000411,"ल":0.000428,"ा":0.000918,"Р":0.000555,"б":0.001459,"ラ":0.000513,"オ":0.000225,"ù":0.000211,"ப":0.000313,"ல":0.000219,"ா":0.000265,"வ":0.000164,"ு":0.000268,"ป":0.00021,"ร":0.000984,"ะ":0.000237,"เ":0.000754,"ท":0.000278,"ศ":0.000354,"า":0.000922,"ล":0.00048,"ভ":0.000122,"গ":0.000147,"ো":0.000303,"←":0.000127,"→":0.000967,"ɪ":0.000325,"ñ":0.001072,"ь":0.001322,"Α":0.000226,"ό":0.00044,"η":0.00055,"μ":0.00081,"ύ":0.00021,"ρ":0.001231,"ա":0.000319,"ի":0.000155,"ր":0.000148,"ט":0.000785,"מ":0.001032,"י":0.003007,"ר":0.001768,"ה":0.001345,"А":0.001184,"ル":0.000784,"ミ":0.000136,"்":0.001023,"ம":0.00029,"ை":0.000117,"ர":0.000299,"த":0.000208,"พ":0.000465,"อ":0.000733,"ม":0.000511,"์":0.00049,"Đ":0.000158,"拉":0.000175,"…":0.000488,"Ó":0.00015,"ס":0.000875,"ש":0.000613,"נ":0.001078,"ナ":0.000165,"マ":0.000306,"の":0.000261,"я":0.002169,"Г":0.000742,"ц":0.000914,"ম":0.000584,"à":0.001138,"ë":0.000844,"×":0.000689,"š":0.001042,"ু":0.000164,"য":0.000434,"়":0.00027,"ব":0.000284,"হ":0.000137,"‎":0.000267,"西":0.000166,"ư":0.000122,"ý":0.000507,"ệ":0.000117,"ê":0.000634,"ă":0.000622,"ì":0.000309,"安":0.000103,"子":0.00015,"德":0.000196,"中":0.000125,"ò":0.00047,"έ":0.000298,"Î":0.000112,"ø":0.000986,"ö":0.003769,"ı":0.000723,"β":0.000376,"ð":0.000598,"غ":0.000245,"ي":0.002701,"γ":0.000482,"گ":0.000319,"ه":0.00088,"û":0.000184,"이":0.000205,"र":0.000855,"ग":0.000203,"ु":0.000181,"ג":0.000549,"ರ":0.000115,"್":0.000223,"რ":0.000597,"გ":0.000147,"ვ":0.000262,"ი":0.001309,"े":0.000424,"्":0.001206,"व":0.000325,"य":0.000323,"ര":0.000136,"്":0.000603,"ى":0.000199,"इ":0.000402,"グ":0.000199,"ア":0.00057,"イ":0.000505,"க":0.000412,"ก":0.000525,"ว":0.000346,"ั":0.000405,"ย":0.000308,"ï":0.000266,"ই":0.000214,"И":0.00037,"ю":0.000354,"ს":0.000452,"ე":0.000703,"ო":0.000506,"ł":0.001341,"з":0.001562,"д":0.003712,"ш":0.00053,"М":0.001044,"Á":0.000326,"ě":0.000244,"خ":0.000229,"ტ":0.000273,"ー":0.001565,"х":0.000781,"−":0.000819,"צ":0.000244,"ב":0.00085,"ն":0.000156,"ե":0.000131,"̍":0.000119,"Ф":0.000471,"π":0.000707,"ί":0.000596,"ε":0.000972,"ς":0.001082,"્":0.000214,"î":0.000415,"리":0.000231,"ि":0.00058,"ी":0.000305,"न":0.000553,"स":0.000819,"ם":0.000347,"ಿ":0.0001,"ნ":0.000497,"ბ":0.000251,"ി":0.000233,"സ":0.000162,"フ":0.000329,"ィ":0.000306,"リ":0.000584,"ி":0.000458,"ன":0.000185,"ి":0.000113,"్":0.000231,"ฟ":0.000112,"ิ":0.000541,"น":0.000738,"ส":0.000471,"ע":0.000489,"ן":0.000492,"ē":0.000431,"è":0.002244,"ɛ":0.000231,"ز":0.000624,"ك":0.000846,"ή":0.000233,"‌":0.000256,"ট":0.000628,"ק":0.000796,"О":0.00045,"ट":0.000266,"क":0.000484,"द":0.000194,"म":0.000392,"ू":0.000195,"ह":0.000189,"ト":0.000543,"э":0.000548,"ட":0.000277,"ర":0.00013,"ห":0.000182,"ู":0.000115,"่":0.000247,"ต":0.000364,"แ":0.000232,"ค":0.000283,"特":0.000173,"±":0.000151,"§":0.000197,"δ":0.000391,"χ":0.000215,"≤":0.000104,"ū":0.000777,"د":0.001685,"ط":0.000487,"ś":0.000359,"ง":0.000303,"้":0.000145,"Б":0.000851,"^":0.002982,"プ":0.000139,"ž":0.000563,"ח":0.000313,"У":0.000256,"К":0.001248,"ч":0.000869,"თ":0.000109,"მ":0.000317,"전":0.000104,"ד":0.000724,"法":0.000117,"С":0.001205,"أ":0.000339,"ة":0.000832,"ロ":0.000317,"テ":0.00022,"å":0.000764,"로":0.000111,"ת":0.000786,"כ":0.00027,"ę":0.000315,"โ":0.00024,"็":0.00011,"・":0.000799,"ジ":0.000277,"Ц":0.000105,"φ":0.000316,"ř":0.000293,"კ":0.000213,"ą":0.000241,"ż":0.000196,"ß":0.000399,"ക":0.000184,"ब":0.00021,"ャ":0.000141,"Х":0.000411,"ా":0.00011,"آ":0.000201,"،":0.000386,"드":0.00011,"დ":0.000213,"ो":0.000313,"ं":0.000238,"ड":0.000183,"ド":0.000367,"レ":0.000266,"州":0.000577,"ด":0.000366,"č":0.000914,"þ":0.000126,"θ":0.000342,"£":0.000627,"ث":0.000129,"스":0.000338,"利":0.000144,"ń":0.000508,"Ś":0.00013,"ɔ":0.000168,"«":0.000105,"»":0.000128,"ω":0.000364,"ヴ":0.000118,"·":0.000952,"里":0.000126,"ː":0.000504,"아":0.000147,"ニ":0.000191,"ش":0.000623,"õ":0.000174,"ض":0.000103,"त":0.000268,"Æ":0.000323,"サ":0.000148,"ズ":0.000138,"Ü":0.000123,"Δ":0.00016,"ോ":0.000101,"트":0.000127,"ッ":0.000401,"シ":0.0003,"З":0.000212,"爾":0.00012,"ţ":0.000199,"จ":0.000191,"İ":0.000144,"ี":0.000395,"ğ":0.000183,"デ":0.000202,"ク":0.000429,"ซ":0.000179,"Ł":0.000101,"ச":0.000199,"บ":0.00022,"́":0.000125,"ന":0.000125,"ത":0.000101,"コ":0.000195,"†":0.000266,"ウ":0.00026,"ज":0.000197,"ص":0.000177,"Ч":0.00016,"Č":0.000175,"르":0.000114,"メ":0.000131,"尼":0.000131,"Š":0.000281,"科":0.000116,"ড":0.000209,"श":0.000145,"기":0.000135,"•":0.000574,"ז":0.000269,"学":0.000178,"`":0.000211,"尔":0.000162,"ʰ":0.000131,"ɑ":0.000136,"ŋ":0.00012,"チ":0.000146,"克":0.000241,"国":0.000196,"会":0.000119,"年":0.001003,"天":0.000114,"日":0.00016,"ய":0.000168,"ุ":0.000134,"ช":0.000145,"Γ":0.00011,"ം":0.000118,"Μ":0.000181,"代":0.000154,"ാ":0.000169,"ダ":0.000129,"ɡ":0.000171,"ո":0.00018,"च":0.000156,"യ":0.000114,"ブ":0.000171,"½":0.000174,"Ш":0.000232,"Ç":0.000119,"ć":0.000507,"Ž":0.000111,"Κ":0.000182,"′":0.000118,"ő":0.000151,"Å":0.000155,"ώ":0.000115,"Л":0.000576,"一":0.000116,"³":0.000132,"ζ":0.000103,"カ":0.000275,"前":0.000129,"バ":0.000186,"ʃ":0.000207,"エ":0.000174,"Ε":0.00011,"Τ":0.000107,"ʒ":0.000106,"ュ":0.000173,"ェ":0.000165,"ビ":0.000101,"µ":0.000104,"ネ":0.000104,"۱":0.000233,"ム":0.000188,"ʼ":0.000104,"റ":0.000132,"ハ":0.000114,"大":0.000248,"世":0.000203,"إ":0.000149,"Σ":0.000192,"阿":0.000116,"ョ":0.000105,"王":0.000146,"১":0.000362,"৯":0.000133,"৬":0.000131,