{"<":0.538117,"!":0.051226,"-":0.601731,"G":0.195267,"e":10.0,"n":6.08618,"r":5.615537,"a":7.127619,"l":3.66164,"i":6.342884,"f":1.801938,"o":6.203997,"m":2.325224,"t":6.924665,">":0.538448,"|":1.210244,"z":0.140834,"=":1.084178,"[":2.074254,"N":0.219252,"h":3.256077,"A":0.44745,"c":2.668277,"E":0.208444,"s":5.251018,"T":0.443211,"Z":0.034395,"(":0.279861,"S":0.524941,")":0.280055,"]":2.074274,"u":2.299428,"_":0.362016,"5":0.319257,"D":0.230886,"4":0.316658,"v":0.85238,"1":0.809322,"2":0.619159,"9":0.445387,"d":2.912057,"p":1.888739,"y":1.335275,",":1.013605,"3":0.3449,"g":1.634238,"7":0.278407,"W":0.183001,"/":0.687271,"&":0.098044,"I":0.311814,"P":0.306142,"6":0.28779,"b":1.179328,"k":0.574142,"F":0.214633,"0":0.863886,"8":0.330134,"w":1.237685,"}":0.296844,"'":0.855855,"Y":0.040595,"#":0.028093,"C":0.548503,"O":0.132173,"U":0.154386,".":1.234463,"V":0.08006,"R":0.246409,"\"":0.274803,"{":0.297072,":":0.448897,"H":0.208058,"q":0.101097,"j":0.108236,"?":0.021279,"x":0.237484,"M":0.325719,"B":0.275292,";":0.100761,"%":0.100855,"L":0.211307,"$":0.022267,"*":0.231083,"–":0.027749,"²":0.014731,"J":0.132128,"Т":0.000629,"р":0.00868,"е":0.008784,"н":0.009457,"т":0.005843,"о":0.00987,"ɪ":0.000325,"ˈ":0.000812,"ɛ":0.000231,"ə":0.000852,"K":0.089566,"~":0.002401,"æ":0.001101,"X":0.016336,"Q":0.015325,"+":0.013858,"í":0.00461,"é":0.013256,"М":0.001044,"и":0.009799,"с":0.005367,"ф":0.00088,"г":0.002435,"у":0.002741,"п":0.002111,"а":0.01335,"ミ":0.000136,"ス":0.000797,"フ":0.000329,"ィ":0.000306,"ッ":0.000401,"á":0.006348,"ม":0.000511,"ิ":0.000541,"ส":0.000471,"ฟ":0.000112,"ต":0.000364,"์":0.00049,"’":0.005741,"”":0.002661,"‘":0.000769,"ó":0.004651,"ö":0.003769,"ú":0.001144,"ė":0.000462,"В":0.000673,"к":0.004728,"л":0.005419,"ь":0.001322,"я":0.002169,"м":0.0033,"з":0.001562,"ы":0.001146,"в":0.003256,"—":0.008245,"ü":0.003592,"ハ":0.000114,"イ":0.000505,"ラ":0.000513,"ン":0.001314,"ズ":0.000138,"ニ":0.000191,"ュ":0.000173,"ー":0.001565,"ク":0.000429,"州":0.000577,"ק":0.000796,"ר":0.001768,"י":0.003007,"ת":0.000786,"ו":0.002662,"א":0.001436,"ל":0.001294,"³":0.000132,"ك":0.000846,"ي":0.002701,"ر":0.002977,"ا":0.006129,"س":0.001768,"ج":0.000636,"و":0.003191,"ل":0.003315,"،":0.000386,"ن":0.002858,"→":0.000967,"…":0.000488,"タ":0.000265,"キ":0.000151,"シ":0.0003,"ド":0.000367,"・":0.000799,"パ":0.000119,"è":0.002244,"ブ":0.000171,"リ":0.000584,"メ":0.000131,"ジ":0.000277,"テ":0.00022,"ś":0.000359,"£":0.000627,"У":0.000256,"П":0.000994,"й":0.001766,"ვ":0.000262,"ე":0.000703,"ს":0.000452,"ტ":0.000273,"პ":0.000134,"ო":0.000506,"ი":0.001309,"ნ":0.000497,"უ":0.000271,"რ":0.000597,"კ":0.000213,"ウ":0.00026,"ェ":0.000165,"ト":0.000543,"“":0.002634,"Д":0.000751,"ъ":0.000651,"С":0.001205,"デ":0.000202,"ヴ":0.000118,"サ":0.000148,"@":0.000425,"ô":0.000766,"ł":0.001341,"ː":0.000504,"К":0.001248,"\\":0.0174,"ç":0.001451,"±":0.000151,"ä":0.003053,"ت":0.001717,"Н":0.000539,"ю":0.000354,"ロ":0.000317,"特":0.000173,"†":0.000266,"ز":0.000624,"ة":0.000832,"স":0.000605,"্":0.00133,"ট":0.000628,"ে":0.000527,"ন":0.001087,"ব":0.000284,"প":0.000202,"А":0.001184,"д":0.003712,"آ":0.000201,"ی":0.002513,"د":0.001685,"스":0.000338,"아":0.000147,"드":0.00011,"র":0.001034,"ি":0.001357,"ম":0.000584,"ড":0.000209,"ক":0.000807,"া":0.001892,"উ":0.0004,"ই":0.000214,"য":0.000434,"়":0.00027,"ס":0.000875,"ט":0.000785,"ן":0.000492,"נ":0.001078,"ד":0.000724,"ა":0.001002,"ლ":0.000406,"დ":0.000213,"स":0.000819,"्":0.001206,"ट":0.000266,"े":0.000424,"न":0.000553,"य":0.000323,"ल":0.000428,"ं":0.000238,"ड":0.000183,"ア":0.00057,"Đ":0.000158,"エ":0.000174,"チ":0.000146,"ナ":0.000165,"ش":0.000623,"پ":0.000353,"ב":0.00085,"ג":0.000549,"ビ":0.000101,"グ":0.000199,"ル":0.000784,"ą":0.000241,"Г":0.000742,"მ":0.000317,"É":0.000972,"ɔ":0.000168,"°":0.006819,"م":0.00288,"ল":0.000456,"ো":0.000303,"르":0.000114,"ה":0.001345,"מ":0.001032,"Л":0.000576,"世":0.000203,"法":0.000117,"国":0.000196,"б":0.001459,"オ":0.000225,"כ":0.00027,"ש":0.000613,"`":0.000211,"バ":0.000186,"פ":0.000722,"ب":0.00144,"غ":0.000245,"ف":0.000812,"プ":0.000139,"レ":0.000266,"ע":0.000489,"•":0.000574,"尼":0.000131,"克":0.000241,"尔":0.000162,"§":0.000197,"←":0.000127,"ć":0.000507,"Ф":0.000471,"ш":0.00053,"ョ":0.000105,"แ":0.000232,"ช":0.000145,"ั":0.000405,"่":0.000247,"น":0.000738,"พ":0.000465,"ง":0.000303,"ก":0.000525,"З":0.000212,"ë":0.000844,"х":0.000781,"أ":0.000339,"Б":0.000851,"Ш":0.000232,"ā":0.001848,"ō":0.001864,"ū":0.000777,"ī":0.00078,"і":0.001775,"Σ":0.000192,"υ":0.000569,"ν":0.001334,"θ":0.000342,"ή":0.000233,"κ":0.000771,"η":0.00055,"τ":0.00117,"ο":0.001724,"Γ":0.00011,"α":0.002,"ά":0.00047,"γ":0.000482,"ι":0.001251,"ם":0.000347,"ő":0.000151,"إ":0.000149,"コ":0.000195,"ه":0.00088,"ث":0.000129,"ż":0.000196,"ę":0.000315,"ц":0.000914,"斯":0.000407,"ร":0.000984,"ี":0.000395,"ล":0.00048,"อ":0.000733,"ว":0.000346,"ɡ":0.000171,"Х":0.000411,"э":0.000548,"Ó":0.00015,"Р":0.000555,"О":0.00045,"ř":0.000293,"½":0.000174,"ʃ":0.000207,"ʊ":0.000162,"‎":0.000267,"ã":0.000725,"Ö":0.000352,"ч":0.000869,"ז":0.000269,"β":0.000376,"ɑ":0.000136,"ŋ":0.00012,"爾":0.00012,"マ":0.000306,"Е":0.000294,"ј":0.000606,"à":0.001138,"·":0.000952,"市":0.000111,"เ":0.000754,"จ":0.000191,"ด":0.000366,"ё":0.000132,"õ":0.000174,"カ":0.000275,"Μ":0.000181,"ρ":0.001231,"ό":0.00044,"ک":0.000576,"科":0.000116,"ß":0.000399,"ń":0.000508,"Χ":0.000113,"ς":0.001082,"ค":0.000283,"ط":0.000487,"×":0.000689,"ж":0.000703,"Э":0.000197,"阿":0.000116,"ბ":0.000251,"צ":0.000244,"ò":0.00047,"Ε":0.00011,"μ":0.00081,"π":0.000707,"Α":0.000226,"ύ":0.00021,"ı":0.000723,"ï":0.000266,"ñ":0.001072,"王":0.000146,"И":0.00037,"»":0.000128,"ム":0.000188,"å":0.000764,"φ":0.000316,"Î":0.000112,"′":0.000118,"â":0.000879,"ê":0.000634,"š":0.001042,"ώ":0.000115,"Δ":0.00016,"λ":0.000936,"δ":0.000391,"라":0.000114,"ş":0.00056,"^":0.002982,"德":0.000196,"이":0.000205,"đ":0.000194,"î":0.000415,"ţ":0.000199,"拉":0.000175,"Å":0.000155,"ø":0.000986,"č":0.000914,"ق":0.000912,"ع":0.000688,"ダ":0.000129,"ğ":0.000183,"郡":0.000106,"里":0.000126,"大":0.000248,"学":0.000178,"利":0.000144,"ð":0.000598,"ē":0.000431,"Æ":0.000323,"ャ":0.000141,"Ч":0.00016,"리":0.000231,"ज":0.000197,"ा":0.000918,"प":0.000411,"ि":0.00058,"व":0.000325,"ह":0.000189,"ʒ":0.000106,"ネ":0.000104,"ซ":0.000179,"ท":0.000278,"า":0.000922,"็":0.00011,"ε":0.000972,"σ":0.00079,"Π":0.000189,"χ":0.000215,"ո":0.00018,"ի":0.000155,"گ":0.000319,"Ž":0.000111,"Á":0.000326,"έ":0.000298,"გ":0.000147,"þ":0.000126,"Ł":0.000101,"트":0.000127,"の":0.000261,"Ц":0.000105,"ž":0.000563,"Č":0.000175,"Š":0.000281,"代":0.000154,"خ":0.000229,"西":0.000166,"«":0.000105,"গ":0.000147,"ু":0.000164,"ত":0.000163,"Κ":0.000182,"ग":0.000203,"त":0.000268,"क":0.000484,"્":0.000214,"জ":0.000202,"र":0.000855,"ो":0.000313,"ी":0.000305,"ி":0.000458,"த":0.000208,"க":0.000412,"்":0.001023,"ை":0.000117,"ح":0.000632,"≤":0.000104,"ý":0.000507,"ะ":0.000237,"บ":0.00022,"ห":0.000182,"ί":0.000596,"ă":0.000622,"人":0.000143,"ě":0.000244,"ئ":0.00021,"로":0.000111,"전":0.000104,"इ":0.000402,"ป":0.00021,"โ":0.00024,"年":0.001003,"ù":0.000211,"−":0.000819,"ח":0.000313,"თ":0.000109,"้":0.000145,"ุ":0.000134,"ศ":0.000354,"ệ":0.000117,"ப":0.000313,"ா":0.000265,"Ü":0.000123,"म":0.000392,"ம":0.00029,"ன":0.000185,"ட":0.000277,"ர":0.000299,"ல":0.000219,"ì":0.000309,"û":0.000184,"ย":0.000308,"Ç":0.000119,"ص":0.000177,"श":0.000145,"日":0.00016,"中":0.000125,"ర":0.00013,"్":0.000231,"́":0.000125,"̍":0.000119,"İ":0.000144,"一":0.000116,"기":0.000135,"‌":0.000256,"ư":0.000122,"ச":0.000199,"ू":0.000195,"್":0.000223,"ω":0.000364,"ভ":0.000122,"ോ":0.000101,"ി":0.000233,"ե":0.000131,"ր":0.000148,"द":0.000194,"ய":0.000168,"€":0.000202,"ն":0.000156,"ա":0.000319,"ರ":0.000115,"സ":0.000162,"ാ":0.000169,"്":0.000603,"ത":0.000101,"ക":0.000184,"ര":0.000136,"ം":0.000118,"ு":0.000268,"ి":0.000113,"ా":0.00011,"ế":0.000108,"子":0.00015,"µ":0.000104,"ض":0.000103,"ಿ":0.0001,"Ж":0.000116,"ى":0.000199,"வ":0.000164,"ന":0.000125,"天":0.000114,"አ":0.000218,"་":0.000183,"ʼ":0.000104,"യ":0.000114,"റ":0.000132,"ु":0.000181,"ู":0.000115,"ζ":0.000103,"ኤ":0.000206,"च":0.000156,"ब":0.00021,"হ":0.000137,"Ś":0.00013,"Τ":0.000107,"ʰ":0.000131,