{"*":0.235309,"[":2.533532,"h":0.834526,"t":4.562065,"p":2.053909,":":0.795455,"/":0.775731,"w":0.254808,".":0.891812,"y":0.667548,"o":6.755959,"u":2.898907,"b":1.176147,"e":10.0,"c":3.464621,"m":2.382569,"a":9.252356,"?":0.02109,"v":0.824293,"=":0.895312,"T":0.273079,"N":0.157347,"Z":0.057083,"j":0.273766,"J":0.112901,"0":0.808351,"F":0.23152,"W":0.065411,"M":0.318137,"f":0.748469,"r":5.738806,"g":1.321318,"n":5.718823,"s":5.268737,"d":3.995304,"i":6.104301,",":0.799503,"l":4.477385,"í":0.428406,"]":2.533555,"x":0.317969,"L":0.270776,"k":0.23519,"X":0.034656,"9":0.429564,"5":0.307331,"G":0.167914,"A":0.43758,"E":0.437209,"O":0.110582,"S":0.376387,"Y":0.027963,"I":0.223472,"ó":0.521645,"é":0.223472,"_":0.070248,"&":0.041148,"C":0.54543,"\"":0.379788,"(":0.270171,"ñ":0.147958,"z":0.316963,"P":0.324294,")":0.270723,"B":0.235189,"U":0.119164,"<":0.956197,">":0.95711,"4":0.291258,"8":0.28854,"6":0.263379,"2":0.577399,"3":0.340881,"7":0.269546,"1":0.760447,"-":0.472728,"“":0.006218,"”":0.006335,"{":0.222031,"|":1.222712,"}":0.221914,"D":0.237142,"%":0.02751,"á":0.24958,"R":0.249339,"H":0.121486,"q":0.360781,"ú":0.092275,"¿":0.00517,"Q":0.015768,"É":0.003902,"Ñ":0.000513,"Ó":0.003097,";":0.078817,"Á":0.010872,"º":0.007055,"V":0.125208,"ü":0.007635,"$":0.001483,"'":1.193591,"ë":0.001283,"#":0.074916,"è":0.00475,"ت":0.003211,"و":0.004516,"ر":0.004964,"س":0.002603,"ا":0.009091,"ن":0.004758,"ţ":0.000306,"ă":0.000825,"ג":0.001448,"ע":0.000719,"ש":0.000768,"ו":0.004742,"י":0.005577,"ל":0.002058,"א":0.002324,"כ":0.000426,"†":0.000803,"ª":0.002898,"K":0.071813,"–":0.009953,"ã":0.002793,"°":0.003927,"~":0.001666,"ס":0.001436,"נ":0.001762,"ט":0.001789,"ר":0.003405,"ה":0.002613,"セ":0.000223,"ン":0.00302,"ト":0.001234,"ラ":0.001275,"リ":0.001541,"ア":0.001413,"の":0.001541,"트":0.000211,"레":0.000147,"일":0.000115,"리":0.00044,"아":0.000342,"이":0.000375,"니":0.000125,"주":0.00013,"â":0.001494,"Ц":0.000184,"е":0.020992,"н":0.017889,"т":0.015337,"р":0.021045,"а":0.03203,"л":0.01153,"и":0.023674,"я":0.006998,"П":0.002213,"с":0.010415,"ь":0.003196,"в":0.006468,"Д":0.001234,"п":0.003974,"Н":0.001077,"ю":0.000653,"Б":0.00172,"у":0.006122,"к":0.009015,"²":0.00313,"デ":0.000485,"ィ":0.000693,"エ":0.000473,"ッ":0.001013,"プ":0.00034,"ニ":0.000444,"ュ":0.000392,"ー":0.003443,"ブ":0.00041,"ズ":0.000268,"ウ":0.000613,"ク":0.000994,"州":0.000224,"ä":0.003818,"æ":0.000778,"テ":0.000679,"シ":0.000742,"・":0.002334,"フ":0.000769,"コ":0.000847,"ポ":0.000188,"レ":0.000649,"ョ":0.000253,"國":0.000146,"公":0.000107,"ル":0.002089,"ヴ":0.000302,"ェ":0.000389,"イ":0.001264,"!":0.045595,"م":0.00377,"ف":0.001916,"ع":0.00077,"ل":0.004654,"د":0.003327,"ي":0.004792,"ة":0.001038,"ק":0.001781,"מ":0.001613,"ח":0.000473,"ב":0.001379,"—":0.004753,"ç":0.00329,"パ":0.00028,"戦":0.000135,"い":0.000331,"о":0.023684,"д":0.007401,"ј":0.001983,"К":0.006649,"г":0.008817,"ת":0.001217,"バ":0.000506,"ス":0.001787,"ł":0.001199,"ą":0.000218,"ز":0.000986,"ہ":0.000202,"ک":0.000864,"ی":0.003678,"ب":0.002234,"ę":0.00036,"ş":0.000908,"ğ":0.000369,"Ш":0.000631,"ĝ":0.000115,"Г":0.001524,"З":0.000388,"«":0.006845,"»":0.006841,"¡":0.00209,"Л":0.001105,"з":0.002939,"ц":0.001888,"ō":0.003365,"à":0.003086,"ジ":0.000666,"グ":0.000428,"ロ":0.000743,"マ":0.001042,"А":0.002452,"м":0.00632,"Ж":0.000223,"@":0.000533,"ド":0.000871,"オ":0.000569,"´":0.000737,"’":0.002518,"б":0.003395,"С":0.002433,"ж":0.001194,"й":0.003095,"Х":0.000691,"э":0.001566,"星":0.000171,"·":0.002322,"（":0.000148,"）":0.000148,"ペ":0.000149,"ピ":0.00021,"ī":0.000629,"­":0.000114,"ê":0.00114,"î":0.000697,"代":0.000258,"+":0.011628,"ح":0.000706,"ط":0.000417,"أ":0.000581,"ق":0.000899,"х":0.001537,"음":0.00013,"ö":0.004353,"פ":0.001161,"ן":0.000691,"צ":0.000389,"ォ":0.000158,"ツ":0.000224,"ф":0.001578,"タ":0.001012,"チ":0.000773,"М":0.001999,"‘":0.000836,"Ф":0.001091,"В":0.001329,"Æ":0.000134,"พ":0.000586,"ี":0.001001,"ท":0.000548,"โ":0.00037,"ส":0.00073,"เ":0.00125,"ล":0.00082,"ว":0.001024,"→":0.000735,"ā":0.001653,"ش":0.000887,"ه":0.001822,"시":0.000197,"Т":0.001243,"ศ":0.000485,"…":0.000522,"ビ":0.000267,"ネ":0.00023,"キ":0.000393,"і":0.004386,"ч":0.001756,"پ":0.000442,"画":0.000103,"어":0.000177,"ப":0.000464,"ய":0.000179,"ன":0.00019,"ி":0.000521,"ர":0.000341,"்":0.001184,"த":0.000227,"ட":0.000316,"ம":0.000291,"ш":0.001123,"Χ":0.000119,"ρ":0.001696,"ό":0.000514,"ν":0.001514,"ο":0.002325,"ς":0.001178,"α":0.002914,"π":0.000737,"σ":0.000908,"φ":0.000278,"ή":0.000287,"ι":0.00163,"η":0.001,"ז":0.000427,"ם":0.000734,"ム":0.000422,"ò":0.000913,"ص":0.000912,"ج":0.00085,"ы":0.003261,"분":0.000866,"류":0.000867,"者":0.000149,"ể":0.000506,"ạ":0.000564,"Đ":0.000176,"ô":0.001281,"Э":0.000397,"德":0.000238,"空":0.000138,"å":0.00082,"ř":0.000362,"Š":0.000622,"メ":0.000349,"カ":0.000851,"ナ":0.000427,"ป":0.000416,"ิ":0.001025,"อ":0.001098,"ร":0.001571,"์":0.000731,"û":0.000251,"美":0.000119,"地":0.000201,"ý":0.000692,"ů":0.000133,"Ν":0.000125,"γ":0.000771,"κ":0.000929,"τ":0.001773,"έ":0.000381,"λ":0.001011,"ζ":0.000135,"ギ":0.000146,"ケ":0.000205,"ソ":0.000202,"中":0.000172,"Κ":0.000514,"υ":0.000713,"ί":0.001067,"β":0.000333,"μ":0.000845,"ύ":0.000215,"구":0.000125,"오":0.000161,"나":0.000146,"카":0.000128,"라":0.000252,"О":0.000793,"モ":0.000258,"ŭ":0.000107,"ð":0.000656,"크":0.00012,"로":0.000185,"드":0.000194,"인":0.000115,"Ú":0.001132,"`":0.000259,"ك":0.001062,"ァ":0.00023,"đ":0.000334,"ư":0.000133,"ế":0.000129,"‎":0.000403,"会":0.000186,"科":0.000218,"学":0.000241,"Р":0.0014,"ž":0.000874,"政":0.000102,"\\":0.012041,"ম":0.000791,"ু":0.000225,"স":0.000579,"্":0.001184,"র":0.001259,"ি":0.001492,"म":0.000588,"स":0.000981,"ू":0.000182,"र":0.001078,"ी":0.000465,"മ":0.000122,"സ":0.00017,"്":0.000759,"ര":0.000162,"ി":0.000299,"ु":0.000693,"ு":0.000375,"ச":0.000205,"ئ":0.000272,"ゲ":0.000125,"ד":0.001151,"ボ":0.000223,"斯":0.000471,"ガ":0.000273,"õ":0.000426,"У":0.000602,"উ":0.000163,"ত":0.000455,"ক":0.00055,"া":0.001753,"য":0.000584,"গ":0.000117,"ড":0.000142,"়":0.00041,"إ":0.000236,"Е":0.000515,"‌":0.000425,"บ":0.000499,"ซ":0.000276,"ต":0.00067,"็":0.000125,"ม":0.001482,"～":0.000161,"ハ":0.00027,"¹":0.000165,"ฟ":0.000165,"ง":0.000482,"ベ":0.000239,"Α":0.0003,"ώ":0.000128,"ε":0.00119,"ض":0.000146,"ı":0.001467,"天":0.000181,"文":0.000132,"和":0.000113,"Í":0.0011,"利":0.000229,"ث":0.000157,"ダ":0.000324,"Å":0.000172,"ï":0.000521,"ก":0.000892,"ไ":0.000131,"ন":0.000569,"خ":0.000388,"š":0.001732,"Π":0.000263,"ω":0.000326,"ά":0.000575,"θ":0.000259,"δ":0.000447,"年":0.00163,"世":0.000514,"選":0.000101,"手":0.000145,"Ч":0.000349,"国":0.000387,"大":0.000403,"山":0.000172,"川":0.000101,"南":0.000104,"子":0.0002,"三":0.00011,"神":0.000137,"化":0.000109,"王":0.000171,"加":0.000102,"史":0.00011,"法":0.000145,"一":0.000195,"人":0.000278,"物":0.00016,"道":0.00015,"本":0.000144,"安":0.000111,"И":0.000753,"ワ":0.00018,"스":0.000587,"ট":0.000233,"ো":0.000218,"ব":0.000436,"ে":0.000586,"ć":0.00086,"ß":0.000573,"ń":0.000423,"ø":0.001176,"ų":0.000166,"щ":0.000164,"Ž":0.00018,"Τ":0.000148,"도":0.000133,"르":0.000241,"지":0.000117,"프":0.000152,"尔":0.000269,"日":0.000253,"ъ":0.000557,"ホ":0.000115,"დ":0.000481,"ე":0.001795,"ნ":0.00083,"ი":0.002912,"ს":0.000856,"ო":0.001309,"პ":0.000242,"რ":0.00151,"ด":0.000974,"น":0.001314,"ტ":0.000861,"ფ":0.000188,"ა":0.002733,"巴":0.000119,"な":0.000189,"り":0.000164,"ค":0.000651,"แ":0.000366,"่":0.00084,"ะ":0.000343,"대":0.000115,"우":0.000108,"特":0.000213,"ě":0.000427,"ū":0.00149,"آ":0.000271,"理":0.000136,"غ":0.000371,"ห":0.000987,"ู":0.000548,"ั":0.000646,"ช":0.000317,"า":0.001473,"ย":0.00058,"의":0.000464,"학":0.000104,"자":0.000162,"ザ":0.000152,"ミ":0.000326,"č":0.001332,"ї":0.000261,"Ö":0.000352,"Ü":0.000185,"க":0.000498,"ந":0.000107,"კ":0.000792,"გ":0.000713,"მ":0.000608,"ბ":0.000642,"ใ":0.000198,"ś":0.000366,"İ":0.00023,"西":0.000175,"Β":0.000176,"À":0.000176,"€":0.000341,"Ю":0.000127,"전":0.000114,"Σ":0.00023,"亚":0.000115,"尼":0.000151,"主":0.000101,"ర":0.0002,"ా":0.00015,"ి":0.000121,"ვ":0.000427,"비":0.000114,"수":0.000118,"њ":0.000147,"ノ":0.000234,"サ":0.000445,"球":0.000162,"Ş":0.00016,"Δ":0.00013,"ゴ":0.000337,"키":0.000104,"화":0.000103,"국":0.000165,"۳":0.000151,"¨":0.000101,"گ":0.000663,"！":0.000305,