{"*":0.235309,"'":1.193591,"C":0.54543,"u":2.898907,"e":10.0,"n":5.718823,"t":4.562065,"o":6.755959,"s":5.268737,"d":3.995304,"l":4.477385,"m":2.382569,"i":6.104301,"g":1.321318,"[":2.533532,"1":0.760447,"9":0.429564,"8":0.28854,"]":2.533555,":":0.795455,"R":0.249339,"a":9.252356,"f":0.748469,"r":5.738806,"4":0.291258,"O":0.110582,"b":1.176147,",":0.799503,"c":3.464621,"M":0.318137,"D":0.237142,"ñ":0.147958,"E":0.437209,"I":0.223472,"S":0.376387,"B":0.235189,"N":0.157347,"(":0.270171,"3":0.340881,")":0.270723,"7":0.269546,"-":0.472728,"6":0.263379,"0":0.808351,"p":2.053909,"í":0.428406,"ó":0.521645,"2":0.577399,"P":0.324294,"v":0.824293,"á":0.24958,"5":0.307331,"L":0.270776,"z":0.316963,"G":0.167914,"j":0.273766,"H":0.121486,"y":0.667548,"h":0.834526,"U":0.119164,"=":0.895312,"A":0.43758,"q":0.360781,"é":0.223472,"&":0.041148,"J":0.112901,"V":0.125208,".":0.891812,"Q":0.015768,"T":0.273079,"F":0.23152,"{":0.222031,"}":0.221914,"x":0.317969,"/":0.775731,"w":0.254808,"X":0.034656,"?":0.02109,"_":0.070248,"«":0.006845,"»":0.006841,"|":1.222712,"<":0.956197,">":0.95711,"Z":0.057083,"\"":0.379788,"#":0.074916,"k":0.23519,"²":0.00313,"W":0.065411,"â":0.001494,"à":0.003086,";":0.078817,"º":0.007055,"!":0.045595,"Í":0.0011,"ê":0.00114,"K":0.071813,"œ":0.000144,"ú":0.092275,"—":0.004753,"É":0.003902,"–":0.009953,"Y":0.027963,"“":0.006218,"”":0.006335,"ä":0.003818,"’":0.002518,"→":0.000735,"¿":0.00517,"Á":0.010872,"+":0.011628,"α":0.002914,"δ":0.000447,"±":0.000126,"ذ":0.000139,"ن":0.004758,"ب":0.002234,"ا":0.009091,"ل":0.004654,"ج":0.00085,"د":0.003327,"ي":0.004792,"ð":0.000656,"γ":0.000771,"~":0.001666,"자":0.000162,"리":0.00044,"타":0.000102,"Д":0.001234,"е":0.020992,"н":0.017889,"б":0.003395,"А":0.002452,"л":0.01153,"г":0.008817,"д":0.007401,"и":0.023674,"è":0.00475,"°":0.003927,"%":0.02751,"ç":0.00329,"@":0.000533,"М":0.001999,"о":0.023684,"с":0.010415,"х":0.001537,"а":0.03203,"й":0.003095,"м":0.00632,"מ":0.001613,"ו":0.004742,"ל":0.002058,"צ":0.000389,"ה":0.002613,"י":0.005577,"ם":0.000734,"โ":0.00037,"ม":0.001482,"ล":0.00082,"ไ":0.000131,"ซ":0.000276,"์":0.000731,"尔":0.000269,"ü":0.007635,"ウ":0.000613,"ィ":0.000693,"ス":0.001787,"コ":0.000847,"ン":0.00302,"シ":0.000742,"大":0.000403,"学":0.000241,"マ":0.001042,"デ":0.000485,"ソ":0.000202,"스":0.000587,"대":0.000115,"학":0.000104,"ห":0.000987,"า":0.001473,"ว":0.001024,"ิ":0.001025,"ท":0.000548,"ย":0.00058,"ั":0.000646,"ส":0.00073,"ค":0.000651,"อ":0.001098,"น":0.001314,"แ":0.000366,"ด":0.000974,"斯":0.000471,"¡":0.00209,"Ó":0.003097,"ф":0.001578,"א":0.002324,"ס":0.001436,"נ":0.001762,"ת":0.001217,"ク":0.000994,"ラ":0.001275,"・":0.002334,"フ":0.000769,"ー":0.003443,"バ":0.000506,"‎":0.000403,"ג":0.001448,"ט":0.001789,"ב":0.001379,"ק":0.001781,"ア":0.001413,"ト":0.001234,"ビ":0.000267,"キ":0.000393,"ר":0.003405,"ד":0.001151,"ן":0.000691,"エ":0.000473,"ミ":0.000326,"リ":0.001541,"ド":0.000871,"ケ":0.000205,"ė":0.000818,"ゴ":0.000337,"ル":0.002089,"ボ":0.000223,"年":0.00163,"の":0.001541,"神":0.000137,"、":0.000179,"う":0.000116,"し":0.000221,"だ":0.000142,"手":0.000145,"和":0.000113,"人":0.000278,"選":0.000101,"美":0.000119,"Т":0.001243,"к":0.009015,"ш":0.001123,"К":0.006649,"р":0.021045,"э":0.001566,"เ":0.00125,"ช":0.000317,"ร":0.001571,"კ":0.000792,"ა":0.002733,"ტ":0.000861,"ე":0.001795,"გ":0.000713,"ო":0.001309,"რ":0.00151,"ი":0.002912,"მ":0.000608,"ს":0.000856,"ფ":0.000188,"ت":0.003211,"ص":0.000912,"ف":0.001916,"غ":0.000371,"ر":0.004964,"م":0.00377,"ك":0.001062,"ï":0.000521,"ö":0.004353,"ジ":0.000666,"ャ":0.000367,"イ":0.001264,"カ":0.000851,"地":0.000201,"理":0.000136,"분":0.000866,"류":0.000867,"이":0.000375,"카":0.000128,"의":0.000464,"지":0.000117,"ā":0.001653,"т":0.015337,"ј":0.001983,"Г":0.001524,"я":0.006998,"Я":0.000187,"і":0.004386,"ک":0.000864,"פ":0.001161,"タ":0.001012,"Ф":0.001091,"克":0.000264,"·":0.002322,"グ":0.000428,"ザ":0.000152,"ッ":0.001013,"ツ":0.000224,"ū":0.00149,"ō":0.003365,"き":0.000122,"る":0.000292,"õ":0.000426,"ã":0.002793,"ô":0.001281,"ý":0.000692,"ヤ":0.000111,"ノ":0.000234,"ř":0.000362,"Č":0.00025,"š":0.001732,"ח":0.000473,"כ":0.000426,"チ":0.000773,"ェ":0.000389,"代":0.000258,"ų":0.000166,"ę":0.00036,"ż":0.000278,"Ç":0.000159,"î":0.000697,"ı":0.001467,"С":0.002433,"ギ":0.000146,"시":0.000197,"기":0.00018,"സ":0.00017,"ി":0.000299,"ഗ":0.000222,"ര":0.000162,"യ":0.000125,"ச":0.000205,"ி":0.000521,"க":0.000498,"ர":0.000341,"ய":0.000179,"ா":0.000305,"ش":0.000887,"گ":0.000663,"ح":0.000706,"ß":0.000573,"в":0.006468,"ц":0.001888,"Ш":0.000631,"у":0.006122,"ש":0.000768,"ロ":0.000743,"テ":0.000679,"ブ":0.00041,"로":0.000185,"르":0.000241,"크":0.00012,"ł":0.001199,"Н":0.001077,"Ü":0.000185,"ฟ":0.000165,"ป":0.000416,"Л":0.001105,"п":0.003974,"č":0.001332,"ز":0.000986,"‌":0.000425,"ه":0.001822,"ь":0.003196,"レ":0.000649,"ュ":0.000392,"ョ":0.000253,"ì":0.00048," ":0.000257,"Ú":0.001132,"و":0.004516,"ナ":0.000427,"ポ":0.000188,"†":0.000803,"­":0.000114,"آ":0.000271,"س":0.002603,"ی":0.003678,"‘":0.000836,"П":0.002213,"ª":0.002898,"ع":0.00077,"ก":0.000892,"ต":0.00067,"州":0.000224,"中":0.000172,"ง":0.000482,"ะ":0.000343,"ศ":0.000485,"国":0.000387,"國":0.000146,"ズ":0.000268,"ベ":0.000239,"ネ":0.00023,"Б":0.00172,"Ч":0.000349,"з":0.002939,"ヒ":0.000123,"ム":0.000422,"阿":0.000155,"拉":0.000223,"ы":0.003261,"Š":0.000622,"η":0.001,"Κ":0.000514,"€":0.000341,"ε":0.00119,"德":0.000238,"主":0.000101,"ě":0.000427,"モ":0.000258,"ò":0.000913,"Р":0.0014,"ж":0.001194,"ق":0.000899,"ة":0.001038,"æ":0.000778,"ø":0.001176,"Е":0.000515,"Х":0.000691,"メ":0.000349,"ダ":0.000324,"დ":0.000481,"里":0.000169,"У":0.000602,"空":0.000138,"−":0.000273,"′":0.000167,"オ":0.000569,"ё":0.000281,"О":0.000793,"特":0.000213,"ハ":0.00027,"ガ":0.000273,"ワ":0.00018,"科":0.000218,"ë":0.001283,"щ":0.000164,"ể":0.000506,"ạ":0.000564,"ọ":0.000117,"戦":0.000135,"마":0.000149,"오":0.000161,"加":0.000102,"家":0.000177,"ч":0.001756,"ლ":0.000882,"ბ":0.000642,"บ":0.000499,"้":0.000245,"비":0.000114,"니":0.000125,"아":0.000342,"パ":0.00028,"ニ":0.000444,"巴":0.000119,"海":0.000145,"Ц":0.000184,"プ":0.00034,"В":0.001329,"њ":0.000147,"ù":0.000548,"خ":0.000388,"…":0.000522,"라":0.000252,"´":0.000737,"$":0.001483,"ю":0.000653,"^":0.002195,"트":0.000211,"레":0.000147,"국":0.000165,"제":0.000108,"ố":0.000135,"ế":0.000129,"τ":0.001773,"ο":0.002325,"ρ":0.001696,"ί":0.001067,"Σ":0.00023,"κ":0.000929,"ν":0.001514,"ά":0.000575,"φ":0.000278,"ι":0.00163,"Τ":0.000148,"Π":0.000263,"μ":0.000845,"ς":0.001178,"Λ":0.00012,"υ":0.000713,"ω":0.000326,"σ":0.000908,"川":0.000101,"უ":0.000524,"ნ":0.00083,"ู":0.000548,"่":0.00084,"ใ":0.000198,"ุ":0.000322,"ə":0.00047,"ব":0.000436,"ি":0.001492,"ষ":0.00025,"য":0.000584,"়":0.00041,"শ":0.00028,"্":0.001184,"র":0.001259,"ে":0.000586,"ণ":0.000244,"ী":0.000292,"ত":0.000455,"ু":0.000225,"স":0.000579,"ক":0.00055,"া":0.001753,"ট":0.000233,"প":0.000181,"Կ":0.000189,"ա":0.000849,"տ":0.000265,"ե":0.000402,"գ":0.00021,"ո":0.000429,"ր":0.000455,"ի":0.000382,"ւ":0.000144,"ն":0.000315,"თ":0.000222,"ქ":0.000143,"პ":0.000242,"ზ":0.000118,"키":0.000104,"ө":0.000234,"ธ":0.000108,"ี":0.001001,"ş":0.000908,"Α":0.0003,"χ":0.000225,"ώ":0.000128,"物":0.00016,"ś":0.000366,"ą":0.000218,"ヴ":0.000302,"史":0.00011,"И":0.000753,"`":0.000259,"ض":0.000146,"ז":0.000427,"ע":0.000719,"い":0.000331,"れ":0.000135,"ん":0.000162,"法":0.000145,"û":0.000251,"Э":0.000397,"\\":0.012041,"•":0.001222,"Ñ":0.000513,"Æ":0.000134,"Μ":0.000258,"어":0.000177,"生":0.000269,"会":0.000186,"ậ":0.000127,"小":0.000133,"Ä":0.00013,"南":0.000104,"画":0.000103,"文":0.000132,"Ю":0.000127,"三":0.00011,"ப":0.000464,"்":0.001184,"ட":0.000316,"ை":0.000137,"İ":0.00023,"ğ":0.000369,"ァ":0.00023,"爾":0.000131,"ă":0.000825,"Ж":0.000223,"ط":0.000417,"Δ":0.00013,"θ":0.000259,"수":0.000118,"ē":0.000346,"ہ":0.000202,"ć":0.00086,"å":0.00082,"Đ":0.000176,"과":0.000116,"ئ":0.000272,"サ":0.000445,"セ":0.000223,"ύ":0.000215,"³":0.000224,"Å":0.000172,"化":0.000109,"×":0.000675,"À":0.000176,"أ":0.000581,"۳":0.000151,"۰":0.000225,"۷":0.000143,"۹":0.000163,"て":0.000142,"に":0.00024,"λ":0.001011,"π":0.000737,"β":0.000333,"έ":0.000381,"음":0.00013,"사":0.000202,"พ":0.000586,"จ":0.000259,"公":0.000107,"Ø":0.000119,"語":0.000111,"ホ":0.000115,