{"<":0.816697,"r":5.244733,"e":10.0,"d":2.825412,"i":5.791515,"c":2.328008,"t":5.283786,"/":0.667082,">":0.817996,"v":0.853221,"s":4.944958,"o":4.397125,"n":5.286928,"2":0.581704,"6":0.294099,"7":0.277834,"1":0.847526,"0":0.793302,"4":0.304203,"m":2.267718,"a":5.789245,"p":1.93604,"5":0.317865,"-":0.668479,"T":0.243837,":":0.789311,"3":0.325922,"Z":0.047593,"b":0.854878,"u":3.53279,".":0.715763,"8":0.33044,"x":0.402667,"l":3.842088,"=":0.995537,"\"":0.294549,"#":0.065041,"R":0.209067,"E":0.219593,"D":0.231748,"I":0.247049,"C":0.489778,"[":2.410703,"S":0.339149,"é":1.491607,"]":2.410859,"g":1.18759,"è":0.225645,"V":0.124744,"N":0.144065,"f":0.823695,"q":0.452182,"y":0.39107,"9":0.524938,"h":0.922963,"(":0.291652,")":0.292953,"A":0.348226,"J":0.113542,"U":0.10149,"{":0.491503,"}":0.49178,"w":0.2045,"+":0.011268,"k":0.224319,"|":1.30043,"'":1.597733,",":0.706502,"à":0.211497,"O":0.09912,"P":0.300818,"j":0.190265,"X":0.03681,"F":0.243377,"ç":0.052178,"B":0.228204,"L":0.373639,"H":0.119399,"G":0.155717,"M":0.274336,"î":0.01987,"*":0.305112,"ê":0.056285,"É":0.061871,"â":0.0274,"ù":0.010515,"…":0.002088,"Q":0.027269,"z":0.115897,"Y":0.022101,"K":0.070541,"?":0.023395,"ä":0.003836,";":0.067117,"’":0.073512,"ô":0.029243,"œ":0.009668,"З":0.000326,"а":0.02668,"н":0.01596,"з":0.002797,"ы":0.002698,"б":0.002752,"р":0.01849,"е":0.018715,"д":0.006163,"ч":0.0015,"с":0.008451,"ь":0.002865,"ц":0.001739,"и":0.019235,"п":0.003283,"о":0.020731,"я":0.005809,"í":0.007653,"ז":0.000347,"נ":0.00143,"י":0.004451,"ב":0.001092,"ר":0.002759,"פ":0.000949,"ו":0.003827,"ש":0.000653,"ם":0.000574,"ザ":0.000117,"ン":0.002376,"ジ":0.000549,"バ":0.000359,"ル":0.001719,"і":0.004087,"Ä":0.000163,"²":0.004094,"À":0.006649,"&":0.052215,"_":0.065239,"~":0.002013,"—":0.004114,"«":0.029142,"»":0.028938," ":0.004973,"!":0.036308,"Î":0.00243,"ï":0.010738,"Â":0.001438,"û":0.012441,"│":0.011526,"└":0.000732,"─":0.00257,"‘":0.000289,"–":0.006928,"├":0.001266,"Х":0.000537,"†":0.001788,"м":0.005372,"В":0.001168,"ш":0.001019,"á":0.008234,"ë":0.004579,"П":0.001915,"у":0.005243,"л":0.009999,"ї":0.000284,"С":0.002274,"є":0.000209,"W":0.062246,"ā":0.001405,"К":0.005771,"т":0.012917,"г":0.007344,"Г":0.001231,"й":0.002475,"М":0.001812,"→":0.00151,"Э":0.000299,"в":0.005786,"к":0.007528,"ј":0.001678,"Е":0.000506,"Я":0.000159,"ห":0.000843,"ม":0.001212,"ว":0.000791,"ด":0.000773,"ู":0.000457,"่":0.000711,"ย":0.000438,"า":0.001153,"น":0.000989,"ฟ":0.000131,"เ":0.00097,"อ":0.000866,"ค":0.000497,"ú":0.001614,"å":0.0009,"π":0.000636,"α":0.00239,"τ":0.001507,"ο":0.00208,"Σ":0.000191,"υ":0.000603,"μ":0.000666,"β":0.000299,"ύ":0.000216,"λ":0.000943,"ι":0.001334,"ω":0.000292,"ν":0.001307,"Ε":0.000127,"ή":0.000246,"θ":0.000245,"κ":0.000735,"ώ":0.000115,"ż":0.00027,"ó":0.006387,"°":0.006568,"ク":0.000734,"ロ":0.00062,"ア":0.001125,"・":0.002003,"ド":0.000697,"フ":0.000651,"ー":0.002927,"Ç":0.000408,"ş":0.000975,"Κ":0.000429,"ρ":0.001437,"η":0.000796,"İ":0.000232,"Ч":0.000294,"%":0.02568,"È":0.000248,"€":0.000667,"Т":0.001089,"ö":0.004663,"ت":0.002629,"ص":0.000817,"ن":0.003977,"ي":0.003865,"ف":0.001608,"ا":0.007302,"ر":0.003975,"خ":0.000324,"ل":0.003905,"س":0.002,"و":0.003543,"د":0.002865,"И":0.000559,"ò":0.00065,"ě":0.000408,"ק":0.001438,"ט":0.001433,"ג":0.00116,"ה":0.002054,"ס":0.001131,"ד":0.000931,"א":0.001889,"ן":0.000574,"ス":0.001367,"ダ":0.00024,"の":0.000876,"분":0.000872,"류":0.000873,"의":0.00035,"사":0.00016,"ē":0.000265,"ã":0.001263,"І":0.00016,"్":0.000224,"ం":0.000102,"ా":0.000119,"ు":0.000102,"Đ":0.000196,"ạ":0.00049,"ф":0.001467,"ি":0.001464,"য":0.000549,"়":0.000389,"ে":0.000504,"ত":0.000461,"ন":0.000428,"া":0.001616,"ম":0.000816,"র":0.001187,"ো":0.000139,"ল":0.000243,"ý":0.000639,"ệ":0.000134,"地":0.000124,"理":0.00011,"پ":0.000311,"ی":0.002977,"ب":0.001795,"أ":0.000493,"Ф":0.000948,"У":0.000525,"ъ":0.000492,"А":0.001974,"প":0.000135,"এ":0.000341,"্":0.00105,"স":0.000502,"ि":0.000512,"ल":0.000423,"प":0.000596,"ं":0.000221,"ड":0.000145,"र":0.000915,"स":0.000716,"न":0.000527,"ィ":0.000641,"リ":0.001104,"ッ":0.00089,"プ":0.000249,"ソ":0.000166,"व":0.00038,"े":0.000444,"利":0.000156,"·":0.002805,"德":0.000187,"Ś":0.000121,"$":0.001068,"כ":0.000344,"Œ":0.001101,"Š":0.000589,"š":0.001664,"ł":0.001285,"ę":0.000354,"ิ":0.000729,"ป":0.00036,"โ":0.000287,"แ":0.000296,"ั":0.000502,"ส":0.000568,"ท":0.000422,"พ":0.000495,"ก":0.000705,"ร":0.001162,"ี":0.00076,"ά":0.000502,"ό":0.00044,"ς":0.001079,"ポ":0.000182,"カ":0.000555,"ム":0.000303,"ì":0.000392,"ί":0.000889,"ζ":0.000114,"ე":0.001528,"ლ":0.00073,"ი":0.002416,"ს":0.000657,"ა":0.002366,"Π":0.000231,"γ":0.000722,"σ":0.000788,"Λ":0.000134,"ε":0.001005,"φ":0.000271,"گ":0.000603,"ج":0.000702,"ه":0.0015,"レ":0.000549,"ボ":0.000178,"ワ":0.000137,"グ":0.000312,"მ":0.000476,"ო":0.001107,"ფ":0.000147,"გ":0.000682,"რ":0.0013,"ნ":0.000641,"ბ":0.000526,"უ":0.000417,"თ":0.000177,"ვ":0.000399,"드":0.000152,"리":0.000351,"ü":0.004958,"世":0.000472,"球":0.000122,"О":0.000699,"ж":0.001082,"х":0.00119,"щ":0.000148,"́":0.000114,"ă":0.000846,"ń":0.000464,"Α":0.000261,"χ":0.000206,"ל":0.001658,"ת":0.000987,"ע":0.000611,"Ó":0.000121,"代":0.000129,"ラ":0.001025,"ヴ":0.000353,"ძ":0.000114,"Ш":0.000737,"ž":0.00086,"ė":0.000748,"ų":0.000134,"ī":0.00056,"č":0.001226,"บ":0.000402,"์":0.000545,"ล":0.000645,"斯":0.000362,"拉":0.000179,"غ":0.000291,"ة":0.000882,"ع":0.000627,"ز":0.000752,"ى":0.00021,"エ":0.000379,"ズ":0.000206,"어":0.000176,"э":0.001368,"ベ":0.000201,"メ":0.000222,"ト":0.000975,"르":0.000188,"트":0.00017,"ァ":0.000234,"イ":0.000887,"サ":0.000355,"オ":0.000425,"오":0.000114,"ガ":0.000203,"ネ":0.0002,"º":0.000184,"“":0.000586,"”":0.000562,"צ":0.000328,"מ":0.001292,"Č":0.000246,"ピ":0.000168,"ノ":0.000253,"チ":0.000314,"ャ":0.000311,"コ":0.000388,"キ":0.000255,"ტ":0.000784,"პ":0.000181,"კ":0.000717,"ც":0.000117,"아":0.000274,"주":0.000112,"이":0.000311,"스":0.000482,"•":0.002899,"デ":0.000402,"ニ":0.000378,"م":0.003147,"ش":0.000752,"Μ":0.000208,"δ":0.00036,"ミ":0.000233,"シ":0.000562,"ュ":0.000322,"³":0.000525,"Β":0.000115,"Л":0.001072,"ō":0.002564,"Θ":0.00023,"ế":0.000115,"ñ":0.001173,"Р":0.001198,"Д":0.001112,"њ":0.000155,"ك":0.000847,"学":0.000207,"ط":0.000345,"ェ":0.00037,"ブ":0.00032,"ศ":0.000413,"ต":0.000485,"้":0.000178,"ซ":0.000217,"@":0.000983,"ı":0.001405,"ư":0.000131,"パ":0.000211,"‎":0.000223,"®":0.000214,"里":0.000133,"ح":0.000657,"آ":0.000207,"ک":0.000632,"ё":0.000261,"đ":0.000348,"國":0.000118,"市":0.000241,"大":0.000292,"法":0.00012,"国":0.000283,"Б":0.001765,"µ":0.00011,"マ":0.000533,"ナ":0.000342,"Н":0.000907,"´":0.000199,"る":0.000101,"星":0.000131,"ю":0.00069,"Ν":0.000112,"\\":0.017161,"ř":0.000401,"ョ":0.000195,"^":0.003221,"セ":0.000162,"ū":0.000862,"テ":0.000454,"タ":0.000484,"い":0.000183,"人":0.00019,"ウ":0.000425,"`":0.000587,"জ":0.000345,"ক":0.000501,"ু":0.000188,"ব":0.000424,"Τ":0.000119,"ビ":0.000192,"克":0.000202,"έ":0.000333,"ゴ":0.000132,"ů":0.000117,"尔":0.000238,"Ú":0.000214,"子":0.000143,"日":0.000157,"ツ":0.000224,"ര":0.000196,"ി":0.000225,"ക":0.000167,"്":0.000686,"റ":0.000107,"ा":0.000828,"्":0.001292,"क":0.000399,"ो":0.000263,"Æ":0.000147,"年":0.001649,"가":0.000113,"家":0.000144,"Δ":0.000141,"დ":0.000397,"ć":0.000981,"ہ":0.000104,"ئ":0.000215,"小":0.000128,"Ō":0.000171,"一":0.000146,"天":0.000112,"山":0.000118,"ハ":0.000202,"ケ":0.000136,"王":0.000114,"海":0.000103,"生":0.000231,"ग":0.000457,"ु":0.00075,"त":0.00025,"च":0.000377,"ी":0.000403,"็":0.000101,"จ":0.00021,"ะ":0.000271,"ช":0.000254,"ุ":0.000266,"ง":0.00038,"ß":0.00058,"Ж":0.000303,"ў":0.000262,"ষ":0.000279,"শ":0.000303,"ণ":0.000272,"ী":0.000314,"৭":0.00022,"৩":0.000224,"৯":0.000218,"থ":0.000301,"দ":0.000171,"ই":0.00017,"ذ":0.000149,"۷":0.000144,"۳":0.000156,"۹":0.000163,"년":0.000524,"음":0.000154,"ः":0.000264,"७":0.000315,"३":0.000314,"९":0.000329,"य":0.000469,"म":0.000535,"द":0.000251,"ø":0.001058,"나":0.000113,"니":0.000103,"ח":0.000377,"公":0.000102,"৫":0.000232,"۵":0.000149,"५":0.00033,"ể":0.000423,"ấ":0.000103,"ə":0.000399,"Ü":0.000169,"‌":0.000325,"ം":0.000152,"ペ":0.000113,"라":0.000188,"Á":0.000427,"श":0.000174,"ण":0.000106,"ब":0.00025,"್":0.000193,"ರ":0.000111,"Ş":0.000186,"ट":0.000215,