{"B":0.228204,"e":10.0,"r":5.244733,"n":5.286928,"a":5.789245,"d":2.825412,"P":0.300818,"u":3.53279,"l":3.842088,"é":1.491607,"i":5.791515,"s":4.944958,"t":5.283786,"'":1.597733,"[":2.410703,"m":2.267718,"q":0.452182,"]":2.410859,"1":0.847526,"9":0.524938,"7":0.277834,"2":0.581704,"c":2.328008,"|":1.30043,"’":0.073512,"p":1.93604,"è":0.225645,"o":4.397125,"R":0.209067,"g":1.18759,"V":0.124744,",":0.706502,"j":0.190265,"h":0.922963,"v":0.853221,".":0.715763,"C":0.489778,"b":0.854878,"f":0.823695,"H":0.119399,"à":0.211497,"y":0.39107,"L":0.373639,"M":0.274336,"S":0.339149,"D":0.231748,"=":0.995537,"T":0.243837,"E":0.219593,"-":0.668479,"J":0.113542,"ô":0.029243,"K":0.070541,"(":0.291652,"8":0.33044,")":0.292953,"F":0.243377,"<":0.816697,"/":0.667082,">":0.817996,"0":0.793302,"6":0.294099,"ç":0.052178,"A":0.348226,"I":0.247049,"x":0.402667,"*":0.305112,":":0.789311,"5":0.317865,"G":0.155717,"ê":0.056285,"w":0.2045,"N":0.144065,"4":0.304203,"ù":0.010515,"?":0.023395,"ë":0.004579,"Y":0.022101,"U":0.10149,"3":0.325922,"œ":0.009668,"k":0.224319,"É":0.061871,"{":0.491503,"}":0.49178,"O":0.09912,"Z":0.047593,"\"":0.294549,"#":0.065041,"W":0.062246,"Q":0.027269,"À":0.006649,"â":0.0274,"z":0.115897,"Н":0.000907,"ь":0.002865,"ю":0.00069,"м":0.005372,"а":0.02668,"р":0.01849,"к":0.007528,"е":0.018715,"т":0.012917,"X":0.03681,"!":0.036308,"Á":0.000427,";":0.067117,"ä":0.003836,"ω":0.000292,"ή":0.000246,"α":0.00239,"π":0.000636,"ο":0.00208,"σ":0.000788,"φ":0.000271,"ν":0.001307,"ι":0.001334,"η":0.000796,"ヴ":0.000353,"ィ":0.000641,"ー":0.002927,"タ":0.000484,"В":0.001168,"і":0.004087,"М":0.001812,"з":0.002797,"н":0.01596,"ч":0.0015,"и":0.019235,"я":0.005809,"û":0.012441,"–":0.006928,"_":0.065239,"í":0.007653,"á":0.008234,"ï":0.010738,"ú":0.001614,"«":0.029142,"»":0.028938,"С":0.002274,"ф":0.001467,"д":0.006163,"с":0.008451,"о":0.020731,"у":0.005243,"њ":0.000155,"ł":0.001285,"ü":0.004958,"î":0.01987,"&":0.052215,"Π":0.000231,"ά":0.000502,"υ":0.000603,"λ":0.000943,"ό":0.00044,"τ":0.001507,"ε":0.001005,"ρ":0.001437,"ö":0.004663,"ج":0.000702,"و":0.003543,"ل":0.003905,"ي":0.003865,"س":0.002,"ر":0.003975,"ت":0.002629,"П":0.001915,"ў":0.000262,"л":0.009999,"Р":0.001198,"й":0.002475,"э":0.001368,"ا":0.007302,"م":0.003147,"ی":0.002977,"ز":0.000752,"ن":0.003977,"ه":0.0015,"ポ":0.000182,"ル":0.001719,"・":0.002003,"ジ":0.000549,"ュ":0.000322,"リ":0.001104,"ア":0.001125,"ス":0.001367,"ロ":0.00062,"イ":0.000887,"Д":0.001112,"ж":0.001082,"·":0.002805,"→":0.00151,"Ê":0.000135,"Â":0.001438,"…":0.002088,"ñ":0.001173,"ó":0.006387,"の":0.000876,"エ":0.000379,"ピ":0.000168,"ソ":0.000166,"ド":0.000697,"一":0.000146,"ż":0.00027,"+":0.011268,"@":0.000983,"Ö":0.000405,"Г":0.001231,"г":0.007344,"З":0.000326,"ц":0.001739,"б":0.002752,"ל":0.001658,"א":0.001889,"ו":0.003827,"נ":0.00143,"ד":0.000931,"י":0.004451,"ג":0.00116,"Л":0.001072,"ş":0.000975,"ğ":0.000412,"ō":0.002564,"פ":0.000949,"ט":0.001433,"ר":0.002759,"מ":0.001292,"ן":0.000574,"フ":0.000651,"ッ":0.00089,"プ":0.000249,"ン":0.002376,"ト":0.000975,"モ":0.000212,"А":0.001974,"Ф":0.000948,"п":0.003283,"%":0.02568,"³":0.000525,"ァ":0.000234,"メ":0.000222,"オ":0.000425,"Ó":0.000121,"ž":0.00086,"カ":0.000555,"デ":0.000402,"ミ":0.000233,"ā":0.001405,"ã":0.001263,"ă":0.000846,"ร":0.001162,"า":0.001153,"ง":0.00038,"ว":0.000791,"ั":0.000502,"ล":0.000645,"อ":0.000866,"ส":0.000568,"ก":0.000705,"์":0.000545,"ด":0.000773,"บ":0.000402,"เ":0.00097,"ี":0.00076,"ย":0.000438,"่":0.000711,"ม":0.001212,"ả":0.000115,"°":0.006568,"—":0.004114,"文":0.00011,"ო":0.001107,"ს":0.000657,"კ":0.000717,"ა":0.002366,"რ":0.0013,"ბ":0.000526,"ე":0.001528,"ნ":0.000641,"ვ":0.000399,"ი":0.002416,"დ":0.000397,"Б":0.001765,"в":0.005786,"О":0.000699,"Œ":0.001101,"Î":0.00243," ":0.004973,"•":0.002899,"×":0.000618,"シ":0.000562,"テ":0.000454,"ナ":0.000342,"х":0.00119,"\\":0.017161,"†":0.001788,"Ш":0.000737,"ß":0.00058,"å":0.0009,"ش":0.000752,"‌":0.000325,"د":0.002865,"レ":0.000549,"آ":0.000207,"ш":0.001019,"ё":0.000261,"И":0.000559,"^":0.003221,"ق":0.000764,"ف":0.001608,"ہ":0.000104,"ح":0.000657,"ب":0.001795,"Š":0.000589,"ý":0.000639,"ה":0.002054,"ש":0.000653,"ת":0.000987,"К":0.005771,"č":0.001226,"́":0.000114,"خ":0.000324,"أ":0.000493,"ə":0.000399,"έ":0.000333,"Σ":0.000191,"χ":0.000206,"ί":0.000889,"ς":0.001079,"ח":0.000377,"ז":0.000347,"ס":0.001131,"サ":0.000355,"ハ":0.000202,"州":0.000176,"ხ":0.000102,"ლ":0.00073,"ქ":0.000108,"사":0.00016,"주":0.000112,"ī":0.00056,"ы":0.002698,"æ":0.000958,"ń":0.000464,"ı":0.001405,"ţ":0.000402,"ї":0.000284,"ة":0.000882,"ś":0.000326,"€":0.000667,"ニ":0.000378,"科":0.000171,"人":0.00019,"Ş":0.000186,"ū":0.000862,"щ":0.000148,"š":0.001664,"ラ":0.001025,"თ":0.000177,"Э":0.000299,"拉":0.000179,"特":0.000174,"ř":0.000401,"ø":0.001058,"כ":0.000344,"ק":0.001438,"ザ":0.000117,"ダ":0.00024,"ズ":0.000206,"ク":0.000734,"パ":0.000211,"山":0.000118,"Я":0.000159,"Т":0.001089,"ב":0.001092,"უ":0.000417,"є":0.000209,"阿":0.000129,"マ":0.000533,"爾":0.0001,"斯":0.000362,"Ч":0.000294,"Ю":0.000111,"Е":0.000506,"ك":0.000847,"ع":0.000627,"원":0.000122,"ė":0.000748,"이":0.000311,"コ":0.000388,"~":0.002013,"Λ":0.000134,"γ":0.000722,"☺":0.000105,"Ç":0.000408," ":0.000234,"ベ":0.000201,"ネ":0.0002,"セ":0.000162,"世":0.000472,"グ":0.000312,"분":0.000872,"류":0.000873,"스":0.000482,"의":0.00035,"자":0.000144,"צ":0.000328,"ם":0.000574,"θ":0.000245,"ث":0.000157,"ി":0.000225,"്":0.000686,"റ":0.000107,"─":0.00257,"│":0.011526,"├":0.001266,"└":0.000732,"È":0.000248,"ò":0.00065,"ボ":0.000178,"Х":0.000537,"მ":0.000476,"ص":0.000817,"시":0.000198,"아":0.000274,"ک":0.000632,"ケ":0.000136,"´":0.000199,"²":0.004094,"物":0.000116,"國":0.000118,"ì":0.000392,"국":0.000124,"ĝ":0.00011,"ą":0.000231,"星":0.000131,"日":0.000157,"子":0.000143,"ј":0.001678,"ę":0.000354,"“":0.000586,"Μ":0.000208,"Α":0.000261,"μ":0.000666,"✉":0.000153,"ビ":0.000192,"£":0.000334,"$":0.001068,"ェ":0.00037,"ტ":0.000784,"い":0.000183,"ガ":0.000203,"마":0.000121,"르":0.000188,"가":0.000113,"리":0.000351,"る":0.000101,"ノ":0.000253,"Ō":0.000171,"”":0.000562,"ギ":0.000107,"年":0.001649,"ต":0.000485,"ห":0.000843,"ิ":0.000729,"ะ":0.000271,"პ":0.000181,"‘":0.000289,"ন":0.000428,"্":0.00105,"র":0.001187,"ে":0.000504,"ল":0.000243,"া":0.001616,"ি":0.001464,"য":0.000549,"়":0.000389,"Ж":0.000303,"Å":0.000181,"β":0.000299,"ツ":0.000224,"İ":0.000232,"Ü":0.000169,"غ":0.000291,"ύ":0.000216,"κ":0.000735,"Γ":0.000138,"گ":0.000603,"ゴ":0.000132,"გ":0.000682,"ფ":0.000147,"โ":0.000287,"น":0.000989,"ท":0.000422,"ฟ":0.000131,"里":0.000133,"キ":0.000255,"ャ":0.000311,"У":0.000525,"ى":0.00021,"ě":0.000408,"ज":0.000194,"ू":0.000193,"ब":0.00025,"ि":0.000512,"ल":0.000423,"ी":0.000403,"ा":0.000828,"इ":0.000358,"न":0.000527,"จ":0.00021,"ู":0.000457,"地":0.000124,"利":0.000156,"−":0.000178,"த":0.000185,"ி":0.000374,"ட":0.000228,"்":0.000882,"ம":0.000223,"ப":0.000337,"ர":0.000261,"ு":0.000272,"ா":0.000229,"ế":0.000115,"ạ":0.00049,"チ":0.000314,"‎":0.000223,"ע":0.000611,"バ":0.000359,"Θ":0.00023,"Κ":0.000429,"স":0.000502,"ম":0.000816,"জ":0.000345,"ব":0.000424,"দ":0.000171,"ী":0.000314,"প":0.000135,"ট":0.000148,"ワ":0.000137,"स":0.000716,"म":0.000535,"व":0.00038,"द":0.000251,"प":0.000596,"क":0.000399,"्":0.001292,"ச":0.000162,"வ":0.000147,"க":0.000359,"δ":0.00036,"ъ":0.000492,"전":0.00015,"ウ":0.000425,"ォ":0.000151,"Č":0.000246,"ム":0.000303,"ő":0.000198,"트":0.00017,"라":0.000188,"레":0.000114,"ไ":0.000105,"้":0.000178,"็":0.000101,"ョ":0.000195,"پ":0.000311,"ө":0.000217,"ض":0.000133,"Ä":0.000163,"พ":0.000495,"ც":0.000117,"ত":0.000461,"শ":0.000303,"۲":0.000176,"空":0.000112,"오":0.000114,"프":0.000125,"©":0.000288,"ブ":0.00032,"大":0.000292,"尔":0.000238,"ط":0.000345,"Æ":0.000147,"克":0.000202,"ु":0.00075,"र":0.000915,"ट":0.000215,"ं":0.000221,"ग":0.000457,"യ":0.00011,"സ":0.000139,"ം":0.000152,"ര":0.000196,"ல":0.000171,"ய":0.000134,"ุ":0.000266,"Ž":0.000171,"도":0.000107,"ů":0.000117,"生":0.000231,"理":0.00011,"ć":0.000981,"ค":0.000497,"ক":0.000501,"উ":0.000137,"च":0.000377,"Β":0.000115,"µ":0.00011,"德":0.000187,"۹":0.000163,"۰":0.000151,"公":0.000102,"ئ":0.000215,"І":0.00016,"್":0.000193,"ರ":0.000111,"ാ":0.000174,"े":0.000444,"్":0.000224,"ా":0.000119,