{"<":2.043365,"t":5.59706,"i":7.205487,"m":3.643422,"e":10.0,"s":5.695728,"a":9.468256,"p":2.340218,">":2.044343,"2":0.99118,"0":1.392377,"9":0.619979,"-":0.924947,"1":1.136848,"T":0.408279,":":1.152025,"8":0.457514,"Z":0.09957,"/":1.390444,"c":3.010579,"o":8.222521,"n":5.105478,"r":6.230502,"b":1.233375,"u":2.972146,"L":0.287511,"B":0.359402,"d":4.392021,"7":0.425753,"[":3.254322,"W":0.120583,"k":0.353799,"P":0.420618,"j":0.209952,"C":0.728825,"h":1.004894,"|":1.919351,"w":0.326467,"]":3.252418,"l":3.369153,"z":0.276556,"x":0.531678,"6":0.42595,",":0.761263,"R":0.372001,"E":0.413852,"U":0.207559,"A":0.575706,"é":0.316533,"→":0.003002,"=":1.279145,"\"":0.593274,"v":1.058173,"{":0.556606,"I":0.307691,"f":0.943126,"!":0.09631,"M":0.388308,"(":0.342724,")":0.343438,"g":1.651701,"_":0.157494,"H":0.140113,"ç":0.374581,"ã":0.472144,"4":0.490371,"á":0.298374,".":0.867672,"3":0.520984,"G":0.233486,"5":0.477115,"S":0.493142,"N":0.233538,"ó":0.15414,"F":0.339748,"}":0.55535,"'":1.263833,"D":0.325299,"y":0.339461,"%":0.035675,"&":0.058223,";":0.107366,"²":0.009825,"q":0.30872,"O":0.207918,"õ":0.078007,"*":0.260768,"°":0.010733,"V":0.147008,"М":0.002784,"е":0.026849,"д":0.008718,"и":0.029375,"с":0.013176,"н":0.024357,"Л":0.001627,"й":0.004162,"к":0.011484,"K":0.092466,"í":0.238935,"J":0.157375,"а":0.040093,"з":0.003735,"п":0.005101,"о":0.028962,"т":0.018703,"і":0.005487,"Э":0.00051,"в":0.008011,"Т":0.001606,"ш":0.001458,"Р":0.00153,"э":0.001688,"ô":0.027873,"â":0.037349,"ú":0.061829,"Q":0.025898,"ê":0.085207,"Y":0.028932,"म":0.000547,"न":0.000766,"्":0.001541,"क":0.000682,"ट":0.000341,"ो":0.000407,"ि":0.000846,"े":0.000658,"स":0.000904,"ा":0.001357,"?":0.024977,"#":0.150293,"←":0.014739,"+":0.016133,"ジ":0.0008,"ャ":0.000438,"ク":0.00117,"ソ":0.000262,"ン":0.00364,"ミ":0.000357,"ネ":0.000288,"タ":0.000922,"州":0.000476,"И":0.000913,"р":0.026888,"л":0.01518,"Ф":0.001655,"國":0.000184,"布":0.000113,"ヒ":0.000134,"ビ":0.000305,"グ":0.000509,"“":0.003765,"”":0.0038,"—":0.006945,"Ш":0.001185,"б":0.00444,"Ц":0.000212,"è":0.006253,"თ":0.000266,"ა":0.002756,"რ":0.001597,"გ":0.00073,"ი":0.003092,"ا":0.01077,"ل":0.005213,"گ":0.00051,"و":0.005203,"ن":0.005352,"ق":0.001091,"~":0.002,"Ã":0.001037,"X":0.032034,"К":0.007861,"г":0.010398,"я":0.008141,"ы":0.003843,"у":0.008253,"А":0.003137,"Г":0.002013,"ъ":0.000835,"В":0.001949,"´":0.000459,"里":0.000205,"斯":0.000598,"特":0.00027,"克":0.000375,"尼":0.000204,"फ":0.00014,"र":0.001341,"ब":0.00028,"法":0.000145,"伊":0.000109,"利":0.000238,"ě":0.000547,"ů":0.000161,"ε":0.00107,"ύ":0.00021,"κ":0.000883,"α":0.00276,"ν":0.001453,"σ":0.000927,"η":0.001051,"δ":0.00037,"ο":0.002309,"τ":0.001765,"ι":0.001571,"ώ":0.000135,"ה":0.002993,"ל":0.002358,"ב":0.001526,"נ":0.002011,"ת":0.001435,"ש":0.000899,"י":0.006403,"ם":0.000845,"大":0.000485,"ग":0.000415,"Д":0.001636,"Е":0.000696,"Í":0.003322,"º":0.014212,"ý":0.000839,"Χ":0.000122,"ό":0.000516,"χ":0.000214,"ρ":0.001653,"υ":0.000803,"ς":0.00116,"λ":0.001,"μ":0.000781,"π":0.00066,"Α":0.0003,"γ":0.00076,"オ":0.000727,"リ":0.001748,"ピ":0.000298,"ッ":0.001353,"ホ":0.000122,"ケ":0.000205,"ー":0.004449,"ल":0.000688,"ं":0.000352,"प":0.000635,"ह":0.000286,"ॉ":0.000103,"ी":0.000566,"Х":0.000851,"ј":0.002059,"њ":0.000225,"м":0.008374,"奥":0.000114,"林":0.000133,"会":0.000156,"球":0.000247,"比":0.000123,"ड":0.000219,"ü":0.008802,"ラ":0.001533,"ウ":0.000662,"デ":0.00061,"ィ":0.000912,"ス":0.002065,"・":0.002897,"ド":0.001046,"ル":0.00249,"ニ":0.00059,"エ":0.000543,"à":0.02723,"$":0.002033,"Б":0.002536,"루":0.000101,"미":0.000144,"타":0.000118,"주":0.00017,"É":0.011111,"地":0.000219,"テ":0.000672,"ά":0.00058,"イ":0.001441,"プ":0.000446,"シ":0.000854,"ガ":0.000309,"多":0.000102,"德":0.000287,"ч":0.002006,"Ј":0.000109,"ト":0.001453,"ロ":0.000927,"ت":0.00353,"م":0.004071,"س":0.003646,"ف":0.002148,"ي":0.005607,"،":0.00025,"ش":0.000938,"غ":0.000451,"С":0.00357,"サ":0.000541,"ギ":0.00016,"ノ":0.000345,"č":0.001571,"ж":0.001612,"х":0.00233,"ф":0.002158,"خ":0.000425,"ر":0.00612,"ك":0.001372,"ェ":0.000541,"ム":0.000477,"ザ":0.000193,"フ":0.000933,"ァ":0.000331,"ュ":0.000457,"コ":0.000743,"ア":0.001784,"შ":0.000125,"ე":0.001935,"ხ":0.000145,"მ":0.00068,"უ":0.000531,"ზ":0.000141,"ფ":0.000216,"ქ":0.000152,"ო":0.00141,"Š":0.000711,"ช":0.000323,"ี":0.000759,"ค":0.000467,"ม":0.001618,"ุ":0.000238,"ส":0.000816,"ซ":0.000339,"า":0.001838,"ฟ":0.000195,"ร":0.001949,"์":0.000845,"ู":0.000647,"อ":0.001484,"·":0.005231,"尔":0.000338,"Н":0.001222,"ص":0.00101,"ز":0.000934,"ö":0.00585,"ק":0.002065,"ט":0.002084,"ג":0.001726,"ו":0.005439,"ר":0.003912,"מ":0.001872,"ז":0.000486,"マ":0.000971,"レ":0.000878,"の":0.001343,"人":0.000278,"物":0.000183,"분":0.001099,"류":0.0011,"레":0.000167,"이":0.000468,"시":0.000297,"아":0.000426,"사":0.000247,"ē":0.000354,"П":0.00264,"ห":0.000994,"ว":0.000998,"ด":0.001054,"่":0.000769,"เ":0.001424,"ล":0.000999,"ย":0.000609,"ể":0.000451,"ạ":0.000531,"ư":0.00015,"西":0.000205,"亞":0.000142,"î":0.000567,"̍":0.000102,"马":0.000102,"ک":0.001576,"カ":0.00087,"ズ":0.000335,"卡":0.000149,"拉":0.000281,"‎":0.000567,"³":0.00015,"®":0.000125,"ゲ":0.000141,"た":0.000103,"キ":0.000416,"チ":0.000649,"ゼ":0.000114,"…":0.001355,"×":0.000803,"–":0.017564,"•":0.009661,"Î":0.000205,"‘":0.000404,"’":0.001878,"ס":0.001593,"ს":0.000955,"ტ":0.000914,"ю":0.000977,"科":0.000262,"إ":0.000279,"스":0.000707,"트":0.000255,"د":0.003263,"ب":0.002555,"ボ":0.000248,"य":0.000415,"О":0.001261,"ப":0.000494,"ர":0.000381,"்":0.00129,"ன":0.000211,"ி":0.000551,"ல":0.000247,"阿":0.000192,"§":0.000236,"ক":0.000882,"ি":0.001602,"উ":0.000271,"ব":0.000537,"া":0.002722,"র":0.001667,"চ":0.000111,"ন":0.001142,"ত":0.000274,"্":0.001533,"হ":0.0002,"Ε":0.000155,"θ":0.000229,"Κ":0.000491,"β":0.000259,"バ":0.00059,"国":0.000452,"바":0.000125,"의":0.000627,"국":0.000209,"巴":0.000144,"Ú":0.001793,"ª":0.006198,"Ó":0.001547,"Ç":0.000736,"À":0.000657,"ā":0.001148,"ё":0.000412,"¿":0.000367,"Á":0.014396,"پ":0.000442,"פ":0.001303,"პ":0.000271,"가":0.000176,"프":0.000174,"罗":0.00011,"天":0.000133,"公":0.000124,"ه":0.001946,"‌":0.000518,"ی":0.004345,"آ":0.000319,"ج":0.001017,"メ":0.000375,"世":0.000277,"ı":0.001599,"ง":0.000563,"บ":0.000491,"ิ":0.001213,"น":0.001575,"พ":0.000518,"ณ":0.000117,"ע":0.000832,"기":0.000208,"ż":0.000616,"š":0.001951,"−":0.0003,"化":0.000133,"セ":0.000262,"ц":0.002492,"ハ":0.00031,"ワ":0.000212,"್":0.000252,"त":0.000335,"ñ":0.003423,"ბ":0.000644,"კ":0.000842,"க":0.000534,"த":0.000274,"ந":0.000106,"్":0.00028,"ి":0.000132,"ज":0.000267,"하":0.000113,"라":0.000302,"에":0.000119,"드":0.000234,"空":0.000157,"Μ":0.000241,"ω":0.00032,"ί":0.001033,"ד":0.001318,"ブ":0.000473,"モ":0.000328,"ท":0.000523,"ธ":0.000158,"โ":0.000544,"ไ":0.000162,"ł":0.003045,"ョ":0.000291,"ò":0.000739,"כ":0.000489,"ž":0.001076,"ث":0.000187,"ベ":0.000292,"ダ":0.000405,"æ":0.000908,"ß":0.001207,"ä":0.005444,"צ":0.000435,"א":0.002646,"海":0.000136,"어":0.000132,"基":0.000112,"安":0.000132,"ь":0.004442,"ї":0.000415,"«":0.001031,"»":0.001095,"Ø":0.000174,"島":0.000131,"ح":0.000791,"Ê":0.000227,"ナ":0.000545,"ペ":0.000176,"ポ":0.000256,"Я":0.00021,"文":0.000132,"ع":0.000905,"Ž":0.000213,"ė":0.000931,"З":0.000534,"마":0.00018,"크":0.000145,"로":0.000216,"다":0.000102,"亚":0.00015,"山":0.000148,"Ü":0.000244,"年":0.001384,"界":0.000101,"選":0.000156,"手":0.000183,"月":0.000131,"ë":0.001716,"表":0.00011,"パ":0.000315,"व":0.000486," ":0.000159,"格":0.000134,"지":0.00016,"키":0.0001,"ð":0.000493,"Ö":0.000596,"星":0.000276,"学":0.000246,"家":0.000186,"ō":0.001328,"ட":0.000348,"ோ":0.000104,"ம":0.00033,"ா":0.000336,"ு":0.000385,"ச":0.000232,"ต":0.00066,"ั":0.000783,"І":0.000232,"ة":0.001316,"ń":0.001074,"Ş":0.000277,"́":0.000175,"Й":0.000116,"ʼ":0.000113,"أ":0.000699,"ツ":0.000317,"爾":0.000166,"ą":0.000603,"Ч":0.000443,"ח":0.000536,"ן":0.000769,"ş":0.001817,"르":0.000266,"자":0.000201,"코":0.000101,"™":0.000101,"\\":0.007216,"Δ":0.000125,"Ł":0.000342,"য":0.00065,"ু":0.000406,"ভ":0.000169,"প":0.000407,"ো":0.000587,"গ":0.000288,"ম":0.000772,"ط":0.000544,"理":0.000145,"ก":0.001086,"ข":0.000107,"ป":0.000533,"แ":0.000464,"ะ":0.000439,"ট":0.000576,"ই":0.000293,"স":0.000769,"縣":0.000165,"ল":0.000667,"ে":0.00089,"আ":0.000134,"জ":0.000276,