{"<":2.330989,"t":3.137881,"i":2.94908,"m":1.572711,"e":3.925811,"s":1.843244,"a":2.378136,"p":1.152187,">":2.334451,"2":1.17783,"0":1.551905,"7":0.574093,"-":1.033965,"1":1.541364,"3":0.651532,"T":0.299347,"9":0.799147,":":1.521444,"8":0.621625,"Z":0.123851,"/":1.696379,"c":1.084052,"o":2.144731,"n":2.102669,"r":2.543305,"b":0.6304,"u":0.970807,"g":0.776647,"h":0.603204,"B":0.182475,"d":1.278615,"П":0.502667,"е":8.318058,"р":5.872126,"н":6.965611,"а":8.954188,"п":2.320112,"в":4.20693,"л":4.27428,"и":8.704968,"[":4.014471,"Ю":0.030881,"ч":1.157951,",":1.394228,"М":0.320936,"х":0.804982,"В":0.449899,"ь":1.43616,"]":4.015787,"x":0.403298,"l":1.360123,"=":1.704699,"\"":0.442924,"v":0.496371,"#":0.15084,"R":0.184101,"E":0.180407,"D":0.211428,"I":0.207284,"C":0.306201,".":1.554824,"4":0.590245,"5":0.606957,"Г":0.239608,"о":10.0,"д":2.786832,"К":0.50324,"й":1.611095,"т":5.72299,"6":0.50969,"←":0.012395,"|":2.341314,"я":2.209708,"«":0.215058,"(":0.56263,"з":1.414717,")":0.567754,"»":0.214883,"Б":0.240547,"г":1.89479,"Х":0.079508,"ц":0.668215,"с":5.317193,"S":0.204953,"м":2.745811,"у":2.102913,"ф":0.502268,"к":3.621307,"Л":0.166377,"ю":0.502088,"Ф":0.203134,"Д":0.215067,"ж":0.707131,"А":0.36367,"Р":0.278187,"И":0.232821,"Э":0.085479,"ы":1.773363,"Ш":0.086732,"X":0.044119,"K":0.092262,"б":1.425197,"k":0.299519,"분":0.002128,"류":0.002127,"리":0.000758,"스":0.001082,"어":0.000349,"의":0.000899,"{":0.653168,"W":0.059431,"}":0.652321,"У":0.139142,"ت":0.006078,"ص":0.001927,"ن":0.008685,"ي":0.008387,"ف":0.003756,"م":0.00686,"س":0.00454,"ر":0.008925,"ح":0.001281,"ا":0.016163,"ش":0.001631,"ك":0.001853,"ب":0.003961,"P":0.127461,"z":0.098498,"ù":0.000925,"O":0.059024,"í":0.013715,"y":0.250566,"Κ":0.000929,"α":0.005235,"τ":0.00328,"η":0.001795,"γ":0.00152,"ο":0.004491,"ρ":0.003177,"ί":0.001965,"Σ":0.000408,"ι":0.002911,"ξ":0.000146,"π":0.001246,"κ":0.001615,"ά":0.001129,"έ":0.000706,"Ŝ":0.000154,"j":0.098023,"f":0.37878,"L":0.090705,"ä":0.006437,"é":0.018907,"è":0.003119,"â":0.001478,"ó":0.012092,"á":0.011933,"Կ":0.000568,"ա":0.003037,"տ":0.000806,"ե":0.001193,"գ":0.000648,"ո":0.001347,"ր":0.001504,"ի":0.001161,"ք":0.000109,"ս":0.000308,"պ":0.000112,"ն":0.001162,"シ":0.001029,"ェ":0.00058,"イ":0.001636,"ク":0.001586,"ス":0.002426,"ピ":0.000254,"ア":0.00193,"の":0.001912,"Š":0.001083,"ī":0.000834,"ј":0.004202,"w":0.320967,"ś":0.000849,"ć":0.000662,"ç":0.003057,"ı":0.002835,"士":0.000105,"比":0.000114,"亞":0.000162,"作":0.000114,"ё":0.222876,"'":1.057644,"—":0.304607,"щ":0.29846,"э":0.239879,"Т":0.179908,"ш":0.463508,"*":0.419508,"№":0.014806,"С":0.552956,"人":0.000418,"物":0.000277,"კ":0.001873,"ა":0.006334,"ტ":0.00198,"ე":0.004092,"გ":0.001758,"ო":0.002898,"რ":0.003435,"ი":0.006528,"შ":0.000275,"ქ":0.000342,"ს":0.001883,"პ":0.000488,"ბ":0.001407,"ნ":0.001734,"Я":0.046618,"Н":0.261249,"ъ":0.036272,"V":0.074808,"G":0.113949,"Ц":0.033494,"О":0.236586,"+":0.023964,"!":0.090837,"F":0.107827,"A":0.185039,"õ":0.000702,"ã":0.003925,"З":0.098699,"q":0.028998,"χ":0.000425,"Щ":0.002993,"ā":0.001938,"à":0.002219,"N":0.100764,"H":0.060726,"_":0.154083,"%":0.132075,"@":0.001195,"?":0.045658," ":0.239456,"Е":0.07024,"Й":0.009138,"→":0.002612,";":0.133513,"M":0.135682,"U":0.105693,"J":0.041014,"Y":0.01692,"́":0.017755,"Ж":0.034043,"…":0.007575,"ü":0.007143,"Ы":0.001232,"’":0.007122,"Ա":0.000203,"լ":0.000216,"դ":0.000215,"զ":0.000102,"ւ":0.000449,"մ":0.000301,"յ":0.000471,"&":0.080259,"タ":0.002187,"チ":0.001907,"コ":0.002015,"マ":0.002212,"Ё":0.000885,"ú":0.002425,"Ч":0.065309,"ż":0.000712,"–":0.007888,"Հ":0.000131,"թ":0.000285,"ة":0.001703,"ܐ":0.000122,"ñ":0.002064,"ަ":0.000125,"ް":0.000156,"Π":0.000505,"λ":0.001856,"ύ":0.000414,"ν":0.002809,"ς":0.002399,"î":0.001275,"ô":0.001023,"ج":0.001503,"ک":0.001479,"ل":0.008298,"د":0.006324,"ی":0.006972,"ש":0.001508,"ל":0.003656,"י":0.010269,"ה":0.004677,"ग":0.000995,"र":0.002051,"्":0.0033,"भ":0.000101,"न":0.001514,"ा":0.001904,"ल":0.000946,"태":0.000167,"Ł":0.000268,"љ":0.000136,"ந":0.000161,"்":0.001982,"ச":0.000359,"ு":0.000641,"க":0.000823,"ட":0.000508,"ி":0.000865,"ర":0.00038,"ా":0.00029,"ు":0.000255,"వ":0.00022,"č":0.002507,"Q":0.007227,"ė":0.001789,"„":0.002324,"“":0.002713,"‎":0.000567,"ר":0.006322,"כ":0.000793,"ב":0.002497,"ת":0.002274,"נ":0.003177,"ו":0.008621,"ס":0.002443,"ע":0.001521,"ם":0.001412,"ד":0.002031,"ק":0.003384,"מ":0.002997,"і":0.017455,"지":0.000218,"오":0.000242,"드":0.00034,"و":0.007879,"Γ":0.000275,"ε":0.002023,"ώ":0.000237,"Φ":0.000153,"ό":0.001012,"φ":0.000461,"σ":0.001639,"ղ":0.000123,"բ":0.000141,"կ":0.000316,"ه":0.003538,"‌":0.000822,"گ":0.001289,"ח":0.000865,"ホ":0.000146,"ッ":0.001249,"ト":0.001896,"ド":0.001173,"グ":0.000579,"도":0.000253,"그":0.000136,"š":0.003224,"ø":0.001606,"ž":0.001794,"²":0.006731,"モ":0.000293,"レ":0.000867,"მ":0.001299,"ლ":0.001919,"ق":0.001661,"ط":0.000643,"،":0.000104,"إ":0.000395,"θ":0.000451,"ט":0.003397,"פ":0.002056,"カ":0.001151,"ル":0.002826,"ヘ":0.000124,"ナ":0.000553,"ხ":0.000316,"თ":0.00059,"카":0.000216,"르":0.000459,"타":0.000161,"나":0.000257,"인":0.000216,"İ":0.000369,"І":0.001079,"卡":0.00018,"塔":0.000113,"西":0.000255,"”":0.000503,"ě":0.00087,"ז":0.000806,"ג":0.002791,"ى":0.000418,"א":0.004213,"ラ":0.001666,"・":0.002784,"デ":0.000636,"エ":0.00062,"დ":0.001043,"라":0.000448,"에":0.000196,"레":0.000239,"斯":0.000771,"サ":0.000548,"バ":0.000617,"‘":0.000258,"ث":0.000281,"メ":0.000393,"ニ":0.000604,"ー":0.004735,"リ":0.002165,"フ":0.00118,"ィ":0.000921,"€":0.000155,"پ":0.000788,"צ":0.000725,"林":0.000126,"格":0.000178,"科":0.000285,"学":0.000404,"Ç":0.000266,"ş":0.001572,"ン":0.003972,"テ":0.000925,"ý":0.00119,"ן":0.001266,"Қ":0.000126,"ө":0.000679,"ł":0.003128,"尔":0.000428,"克":0.000451,"·":0.003876,"خ":0.000734,"ز":0.001769,"ძ":0.000295,"ზ":0.000295,"ვ":0.001081,"마":0.000245,"프":0.000288,"제":0.000194,"ţ":0.000555,"ћ":0.000123,"ö":0.006481,"拉":0.000364,"馬":0.000117,"夫":0.000182,"†":0.000505,"Č":0.000491,"æ":0.001423,"দ":0.00034,"ক":0.001159,"্":0.00239,"ষ":0.000576,"ি":0.003238,"ণ":0.000561,"আ":0.000179,"ম":0.001784,"ে":0.001421,"র":0.002866,"া":0.004094,"ভ":0.000216,"ジ":0.000808,"プ":0.000465,"キ":0.000476,"ү":0.000301,"×":0.002404,"থ":0.000581,"প":0.000457,"ু":0.000555,"য":0.001252,"়":0.000938,"ů":0.000266,"ê":0.001074,"प":0.001356,"त":0.000536,"ि":0.001178,"व":0.000872,"य":0.001004,"क":0.000898,"آ":0.000487,"ò":0.000763,"ậ":0.000179,"ì":0.00065,"đ":0.00063,"ư":0.000232,"һ":0.000101,"~":0.004611,"이":0.000648,"년":0.001097,"ئ":0.000498,"ハ":0.000406,"하":0.000146,"子":0.000243,"ō":0.000764,"南":0.000184,"พ":0.001137,"ู":0.001162,"ด":0.001817,"ค":0.001293,"ุ":0.00067,"ย":0.001038,"≈":0.000116,"Ъ":0.000221,"日":0.000338,"ダ":0.000394,"น":0.0021,"ิ":0.001664,"ส":0.001298,"ั":0.001042,"ท":0.000991,"ี":0.001701,"้":0.000364,"า":0.00242,"基":0.000161,"的":0.000105,"安":0.000157,"多":0.000122,"尼":0.000235,"β":0.000562,"Ν":0.000205,"δ":0.000713,"ū":0.000771,"ē":0.000642,"ļ":0.000102,"고":0.000135,"å":0.001243,"É":0.000955,"ð":0.000774,"ც":0.000283,"ə":0.001324,"ę":0.000914,"−":0.002046,"ャ":0.000481,"바":0.000193,"ミ":0.000422,"合":0.000152,"星":0.000157,"小":0.000136,"三":0.00014,"高":0.000108,"天":0.000174,"元":0.000214,"ノ":0.00031,"大":0.000499,"布":0.000143,"中":0.000219,"セ":0.000287,"空":0.000171,"一":0.000227,"ガ":0.000326,"い":0.000189,"二":0.000125,"ネ":0.00028,"ビ":0.000323,"ポ":0.000264,"ケ":0.000217,"手":0.000207,"る":0.000142,"利":0.000304,"ワ":0.000249,"語":0.000202,"ї":0.001588,"行":0.000154,"ム":0.00055,"ロ":0.001016,"オ":0.000682,"公":0.00018,"ギ":0.000199,"Ş":0.000338,"Ä":0.000165,"่":0.001678,"ว":0.001858,"ล":0.001395,"ง":0.000788,"ต":0.001152,"ع":0.001329,"ন":0.001144,"উ":0.00028,"চ":0.000105,"ত":0.000903,"হ":0.000212,"Ε":0.000262,"μ":0.001467,"υ":0.001301,"ウ":0.00076,"国":0.000601,"우":0.000192,"루":0.00014,"국":0.000318,"­":0.000846,"ĕ":0.000436,"足":0.000133,"教":0.000177,"政":0.000165,"家":0.000286,"ğ":0.000701,"ạ":0.001116,"ủ":0.00011,"^":0.00386,"Α":0.000552,"Ú":0.000444,"区":0.000141,"画":0.0002,"Ü":0.000367,"ம":0.000502,"ற":0.000134,"ா":0.000516,"ப":0.000791,"보":0.00012,"њ":0.000228,"ョ":0.000284,"ベ":0.000345,"ß":0.001734,"위":0.000102,"ľ":0.000188,"ą":0.000657,"ņ":0.000177,