{"<":2.034476,"b":1.672819,"r":7.093031,"c":1.703819,"l":6.133827,"e":9.404212,"a":10.0,"=":1.641756,"\"":0.716415,"/":1.389366,">":2.036023,"-":0.869411,"{":0.600612,"V":0.128799,"i":8.591308,"k":3.034229,"p":1.636781,"d":3.42109,":":1.592795,"S":0.479687,"ç":0.542229,"n":6.388085,"s":3.918151,"t":5.609562,"y":2.306519,"ı":2.726343,"P":0.250889,"z":0.824449,"M":0.403738,"m":3.442315,"Ö":0.05376,"ü":1.112326,"}":0.598083,"[":3.55792,"K":0.641346,"g":1.759912,"o":4.123176,"]":3.556638,"x":0.368033,"v":1.145749,"B":0.488962,"ş":0.837737,"2":1.001193,"0":1.371182,"1":1.223329,"6":0.4524,"8":0.471505,"7":0.460013,"5":0.504228,"4":0.499871,"9":0.69612,"3":0.522204,"T":0.518087,"Z":0.115093,"u":2.828379,"_":0.192709,"O":0.15414,"C":0.386119,"İ":0.165698,"'":1.478399,"U":0.118567,"E":0.337185,"F":0.261533,"A":0.582253,"L":0.192773,"|":2.03835,".":1.139517,"Ş":0.062113,"f":0.855904,"R":0.25337,"Y":0.172493,"N":0.20291,"I":0.171752,"D":0.389967,",":0.590504,"ğ":0.601026,"H":0.201077,"ö":0.555367,"j":0.172627,"(":0.274577,")":0.27612,"#":0.117256,"G":0.234817,"h":1.264458,"Ç":0.053843,"Ü":0.034303,"á":0.016925,"!":0.091552,"w":0.403187,"W":0.086497,"î":0.01393,";":0.120584,"â":0.016197,"û":0.002181,"J":0.084762,"&":0.053946,"*":0.260125,"‎":0.000929,"X":0.020191,"æ":0.001927,"ק":0.004922,"ט":0.00506,"ג":0.004174,"ו":0.011815,"ר":0.008908,"י":0.014214,"ה":0.006472,"כ":0.001067,"ת":0.002968,"ב":0.003304,"ס":0.003449,"פ":0.002774,"ע":0.002031,"ן":0.001649,"ノ":0.000326,"ン":0.004683,"フ":0.001312,"ィ":0.001171,"ク":0.001508,"シ":0.001203,"ョ":0.000352,"作":0.00016,"家":0.000406,"?":0.037044,"+":0.014034,"분":0.003992,"류":0.003989,"가":0.000364,"ă":0.001981,"ţ":0.000515,"q":0.035444,"ا":0.029179,"ل":0.014715,"خ":0.001342,"ط":0.001124,"و":0.012984,"ج":0.002721,"ي":0.013514,"ة":0.002953,"د":0.011965,"س":0.007738,"ر":0.016517,"ス":0.002896,"イ":0.001938,"タ":0.001924,"ー":0.005621,"ナ":0.000632,"ル":0.003433,"エ":0.000705,"ア":0.0025,"ラ":0.001931,"ズ":0.000472,"스":0.001535,"위":0.000161,"국":0.000418,"제":0.000258,"공":0.000174,"Š":0.001457,"ė":0.002257,"С":0.006261,"в":0.01882,"и":0.068648,"с":0.027236,"н":0.045986,"т":0.047381,"е":0.059904,"р":0.061414,"ш":0.003555,"о":0.070223,"а":0.092018,"л":0.030503,"ј":0.007038,"ส":0.00207,"ว":0.003398,"ิ":0.002782,"อ":0.002903,"น":0.003446,"เ":0.003284,"ต":0.001894,"ร":0.004202,"์":0.001912,"ช":0.000854,"ั":0.001622,"แ":0.000981,"ล":0.002388,"ไ":0.000333,"士":0.00013,"國":0.000435,"航":0.000128,"空":0.000219,"ä":0.007538,"ô":0.00152,"•":0.014824,"Q":0.008636,"ã":0.00372,"К":0.024275,"г":0.031927,"я":0.023661,"Д":0.002977,"ъ":0.001614,"ж":0.00331,"у":0.016699,"й":0.007905,"Б":0.003944,"з":0.009508,"Г":0.003629,"д":0.02094,"’":0.036263,"ò":0.001089,"é":0.030661,"ù":0.001643,"ó":0.015364,"à":0.002808,"ú":0.003666,"í":0.019536,"è":0.004759,"니":0.000308,"로":0.000423,"피":0.000146,"치":0.00015,"נ":0.004231,"ל":0.004814,"צ":0.000955,"ニ":0.000748,"コ":0.001656,"ロ":0.001136,"・":0.003925,"ピ":0.000329,"ッ":0.001616,"チ":0.001556,"П":0.005794,"ч":0.004957,"Н":0.003102,"к":0.024023,"인":0.000309,"디":0.000174,"나":0.000361,"주":0.000357,"의":0.001136,"축":0.000244,"물":0.000151,"ห":0.003799,"ม":0.005145,"ด":0.003109,"ู":0.002078,"่":0.003134,"ง":0.001165,"ก":0.002573,"้":0.000577,"า":0.003773,"ใ":0.00065,"ฐ":0.000125,"ี":0.003037,"°":0.005362,"′":0.000318,"%":0.040071,"ō":0.002029,"西":0.000343,"学":0.000573,"高":0.000107,"水":0.000118,"中":0.000271,"ś":0.000598,"ć":0.001918,"Р":0.004018,"м":0.017638,"ы":0.011719,"م":0.012526,"ک":0.002752,"ز":0.0034,"گ":0.002784,"ت":0.010794,"ی":0.013319,"А":0.006162,"Á":0.000887,"מ":0.003825,"ז":0.001064,"א":0.005905,"ם":0.001808,"の":0.00218,"ギ":0.000278,"ャ":0.000578,"リ":0.003004,"š":0.004091,"У":0.001928,"ホ":0.000163,"Х":0.001817,"安":0.000193,"ص":0.003652,"ن":0.015821,"ف":0.006532,"ه":0.007031,"х":0.004218,"ش":0.0031,"М":0.004772,"б":0.009724,"–":0.01785,"ع":0.002351,"ء":0.000299,"ь":0.007454,"э":0.005665,"ў":0.001274,"ব":0.001812,"ি":0.006441,"শ":0.001383,"্":0.00427,"জ":0.001595,"ল":0.000844,"দ":0.000717,"স":0.002118,"ě":0.00097,"ý":0.00146,"્":0.000175,"国":0.000799,"連":0.000115,"日":0.000431,"ല":0.000327,"ോ":0.000329,"ക":0.000727,"ജ":0.000213,"ദ":0.000143,"ി":0.000933,"ന":0.000485,"ം":0.000725,"Ś":0.000209,"ń":0.000902,"В":0.003421,"ë":0.002251,"ல":0.00064,"க":0.001418,"ந":0.000265,"ீ":0.000148,"ர":0.000989,"்":0.003411,"ா":0.000878,"ள":0.00028,"ำ":0.00014,"ข":0.000223,"โ":0.00093,"世":0.001787,"界":0.000182,"$":0.00189,"ę":0.000659,"·":0.011891,"É":0.001525,"О":0.002106,"п":0.0103,"ц":0.00511,"म":0.002198,"न":0.002717,"ु":0.003379,"ए":0.000206,"ल":0.001563,"र":0.003442,"ि":0.001927,"व":0.001441,"े":0.001854,"ा":0.002964,"्":0.005847,"त":0.000862,"ी":0.001596,"ज":0.000793,"マ":0.001992,"ヌ":0.000121,"ベ":0.000379,"＝":0.000118,"オ":0.000827,"テ":0.001565,"і":0.013571,"曼":0.000113,"埃":0.000107,"尔":0.000569,"里":0.000321,"维":0.000136,"拉":0.00049,"奥":0.000172,"斯":0.001017,"پ":0.001331,"시":0.000455,"프":0.000402,"터":0.000149,"도":0.000312,"라":0.000627,"투":0.000111,"ض":0.000447,"ب":0.007091,"ø":0.002759,"ظ":0.000318,"آ":0.000923,"이":0.000908,"“":0.006276,"”":0.006399,"ট":0.000481,"র":0.004868,"ে":0.002075,"ন":0.001488,"ড":0.00033,"ų":0.000423,"ト":0.002021,"レ":0.000995,"グ":0.000642,"デ":0.000768,"Т":0.00357,"ф":0.004266,"ட":0.000891,"ெ":0.000268,"ய":0.000528,"ன":0.000579,"ி":0.001478,"ங":0.000106,"ே":0.000202,"아":0.0009,"레":0.000341,"동":0.000205,"음":0.000559,"さ":0.000104,"ß":0.001208,"▀":0.00024,"~":0.003174,"»":0.00077,"α":0.00794,"¢":0.000301,"@":0.000599,"č":0.003146,"ê":0.00199,"அ":0.000148,"ம":0.000818,"ண":0.000182,"ப":0.001393,"ு":0.00107,"ï":0.000569,"\\":0.010902,"^":0.002495,"ő":0.000668,"ق":0.002989,"Ш":0.002117,"ё":0.000874,"Л":0.002354,"Ŝ":0.000172,"ד":0.002754,"ř":0.000752,"ł":0.002562,"プ":0.00056,"თ":0.000825,"ა":0.009576,"რ":0.005272,"გ":0.002852,"ი":0.009812,"პ":0.00066,"ო":0.004458,"ზ":0.000397,"უ":0.001683,"კ":0.002974,"ს":0.002611,"დ":0.001604,"ნ":0.002409,"ഫ":0.000137,"வ":0.000547,"ả":0.000393,"đ":0.001207,"ồ":0.000119,"ị":0.000231,"À":0.000232,"ọ":0.00033,"ジ":0.001046,"ェ":0.000659,"ე":0.006258,"Ú":0.00088,"Ž":0.000463,"ž":0.002433,"‌":0.001554,"π":0.001597,"ذ":0.000693,"Ρ":0.000185,"ί":0.002958,"ζ":0.00037,"μ":0.001901,"θ":0.000519,"η":0.002555,"τ":0.004618,"ι":0.004046,"κ":0.002263,"ά":0.001466,"ש":0.001761,"ณ":0.000159,"ệ":0.000231,"ố":0.000343,"数":0.000129,"ף":0.000122,"ヨ":0.000128,"ハ":0.000439,"ペ":0.000241,"ュ":0.000665,"Í":0.000284,"→":0.001655,"ї":0.000677,"ド":0.001434,"地":0.000432,"方":0.000124,"行":0.000165,"政":0.000191,"区":0.000139,"画":0.000241,"щ":0.000464,"ю":0.001574,"Κ":0.001634,"γ":0.002228,"ο":0.00608,"ρ":0.004527,"ν":0.00357,"σ":0.002236,"Կ":0.000973,"ա":0.003877,"տ":0.001273,"ե":0.001818,"գ":0.001057,"ո":0.001914,"ր":0.002057,"ի":0.00175,"լ":0.000268,"ւ":0.000602,"ս":0.000358,"վ":0.000168,"յ":0.000392,"թ":0.000346,"њ":0.000301,"ہ":0.00088,"ַ":0.000218,"ָ":0.00021,"ძ":0.000268,"ვ":0.001455,"ლ":0.002911,"მ":0.001874,"ბ":0.002182,"ľ":0.000204,"道":0.000127,"ު":0.000161,"ރ":0.000116,"ި":0.000194,"ް":0.000263,"ަ":0.000212,"އ":0.000125,"ާ":0.000119,"Ν":0.000333,"λ":0.002417,"Μ":0.000658,"έ":0.000923,"ブ":0.00067,"ә":0.000259,"브":0.00018,"พ":0.001777,"บ":0.00155,"ซ":0.000682,"巴":0.000267,"ষ":0.001306,"য":0.002349,"়":0.001678,"ণ":0.001287,"ী":0.0014,"া":0.006528,"ত":0.002096,"গ":0.000275,"å":0.001657,"Č":0.000565,"أ":0.001564,"ك":0.002834,"ů":0.000325,"ż":0.000695,"Ч":0.000971,"Е":0.001352,"年":0.006677,"欧":0.000103,"洲":0.000188,"子":0.000256,"手":0.000321,"球":0.000503,"赛":0.000106,"Ф":0.002879,"ə":0.003191,"ტ":0.003143,"ქ":0.000479,"ყ":0.000104,"ხ":0.000448,"×":0.000695,"산":0.000124,"드":0.000501,"サ":0.000751,"ヘ":0.000148,"公":0.000159,"ビ":0.000422,"ゲ":0.000187,"마":0.000325,"리":0.001085,"트":0.000538,"비":0.000271,"에":0.000273,"르":0.00062,"إ":0.000627,"ح":0.002398,"伊":0.000184,"蘭":0.000129,"教":0.000193,"基":0.000209,"和":0.000182,"特":0.000449,"市":0.000271,"ū":0.001382,"ì":0.000872,"ī":0.001196,"城":0.000136,"«":0.000582,"新":0.000139,"民":0.000166,"托":0.000109,"克":0.0006,"川":0.000114,"林":0.000166,"格":0.000224,"河":0.000143,"མ":0.000115,